pocket_id,perturbation_type,perturbation_tag,model_name,run_id,n_total,n_valid,validity,n_unique_valid,uniqueness,mean_qed,std_qed,mean_sa,std_sa,vina_score_mean,vina_score_std
2GJ6,original,original,diffsbdd,diffsbdd_meaningful_real20,20,18,0.9,18,1.0,0.442142994730857,0.0889853476996342,,,-4.303,0.7838724386020981
2GJ6,meaningful,meaningful_ala,diffsbdd,diffsbdd_meaningful_real20,20,16,0.8,16,1.0,0.5828172928417784,0.1230421144988414,,,-4.737125,0.7079219479398842
2GJ6,meaningful,meaningful_trp,diffsbdd,diffsbdd_meaningful_real20,20,16,0.8,16,1.0,0.5233600905580726,0.1423614917258041,,,-4.4464375,0.8931491314969466
4UQ3,original,original,diffsbdd,diffsbdd_meaningful_real20,20,20,1.0,20,1.0,0.4811676791985687,0.103902986440752,,,-2.9935263157894734,0.44791674137301024
4UQ3,meaningful,meaningful_ala,diffsbdd,diffsbdd_meaningful_real20,20,17,0.85,17,1.0,0.4744284956020038,0.1165306237294669,,,-3.1851764705882353,0.38166003278158084
4UQ3,meaningful,meaningful_trp,diffsbdd,diffsbdd_meaningful_real20,20,19,0.95,19,1.0,0.4760790616630535,0.093122731847918,,,-2.9701052631578952,0.5067669343611251
1B0R,original,original,diffsbdd,diffsbdd_meaningful_real20,20,17,0.85,17,1.0,0.589965663287723,0.15180045879931,,,-3.823866666666667,0.5505138044489791
1B0R,meaningful,meaningful_ala,diffsbdd,diffsbdd_meaningful_real20,20,19,0.95,19,1.0,0.6041138127150615,0.1287095647719492,,,-3.4961875,0.4372233723667457
1B0R,meaningful,meaningful_trp,diffsbdd,diffsbdd_meaningful_real20,20,18,0.9,18,1.0,0.5883983844293529,0.1619967532042446,,,-3.4130625,0.4308112215271905
2X4N,original,original,diffsbdd,diffsbdd_meaningful_real20,20,18,0.9,18,1.0,0.4013714498140038,0.1749338711443277,,,-2.5963529411764705,0.49386613346682023
2X4N,meaningful,meaningful_ala,diffsbdd,diffsbdd_meaningful_real20,20,18,0.9,18,1.0,0.5167717320495052,0.2142077472365453,,,-2.1981470588235292,0.5587301717683507
2X4N,meaningful,meaningful_trp,diffsbdd,diffsbdd_meaningful_real20,20,19,0.95,19,1.0,0.494884568755595,0.1299142411797073,,,-2.282875,0.4503868996485133
1JF1,original,original,diffsbdd,diffsbdd_meaningful_real20,20,18,0.9,18,1.0,0.4230000486480437,0.138753420386766,,,-2.3905,0.4895624179929574
1JF1,meaningful,meaningful_ala,diffsbdd,diffsbdd_meaningful_real20,20,19,0.95,19,1.0,0.4264112982492167,0.1131036192250014,,,-2.330470588235294,0.28958268506229656
1JF1,meaningful,meaningful_trp,diffsbdd,diffsbdd_meaningful_real20,20,19,0.95,18,0.9473684210526316,0.5015222392200752,0.1444213826850363,,,-2.142315789473684,0.48953609109802576
5JHD,original,original,diffsbdd,diffsbdd_meaningful_real20,20,19,0.95,19,1.0,0.4566333449501676,0.0893862882877926,,,-2.906578947368421,0.37037908258964164
5JHD,meaningful,meaningful_ala,diffsbdd,diffsbdd_meaningful_real20,20,20,1.0,20,1.0,0.4681241487966282,0.133781004089892,,,-2.8982777777777775,0.5557490246460732
5JHD,meaningful,meaningful_trp,diffsbdd,diffsbdd_meaningful_real20,20,19,0.95,19,1.0,0.4547050174156439,0.1376026867806258,,,-2.883736842105263,0.36959577380035114
2P5E,original,original,diffsbdd,diffsbdd_meaningful_real20,20,18,0.9,18,1.0,0.4651541324048501,0.1506802741924045,,,-2.8741111111111106,0.43422394233709116
2P5E,meaningful,meaningful_ala,diffsbdd,diffsbdd_meaningful_real20,20,19,0.95,19,1.0,0.4400367852014186,0.1464198413479376,,,-2.565105263157895,0.4748498815123567
2P5E,meaningful,meaningful_trp,diffsbdd,diffsbdd_meaningful_real20,20,20,1.0,20,1.0,0.4648357380020057,0.0989685578732415,,,-2.4739473684210527,0.37707886564235793
2X4Q,original,original,diffsbdd,diffsbdd_meaningful_real20,19,18,0.9473684210526316,18,1.0,0.4725253849244082,0.112163350163322,,,-3.3173333333333335,0.4185048785060137
2X4Q,meaningful,meaningful_ala,diffsbdd,diffsbdd_meaningful_real20,20,19,0.95,19,1.0,0.4762227658747764,0.1060141101581906,,,-3.291894736842105,0.475150490812824
2X4Q,meaningful,meaningful_trp,diffsbdd,diffsbdd_meaningful_real20,20,19,0.95,19,1.0,0.4542592969764576,0.1361558807814084,,,-3.2992631578947367,0.3989150868761373
2X4S,original,original,diffsbdd,diffsbdd_meaningful_real20,20,18,0.9,18,1.0,0.5272484687851227,0.1208838196851156,,,-3.1344444444444446,0.6131976500482462
2X4S,meaningful,meaningful_ala,diffsbdd,diffsbdd_meaningful_real20,20,18,0.9,18,1.0,0.519133255744181,0.1359403950411774,,,-3.3673124999999997,0.5126911495664324
2X4S,meaningful,meaningful_trp,diffsbdd,diffsbdd_meaningful_real20,20,16,0.8,16,1.0,0.5316978552385868,0.1143764582482361,,,-3.337,0.5193766776948435
1AO7,original,original,diffsbdd,diffsbdd_meaningful_real20,20,18,0.9,18,1.0,0.4527898880637575,0.1311382010574844,,,-3.4472941176470586,0.6187672530885984
1AO7,meaningful,meaningful_ala,diffsbdd,diffsbdd_meaningful_real20,20,19,0.95,19,1.0,0.4633942484378906,0.1680477879187473,,,-3.3049473684210526,0.3732075017134303
1AO7,meaningful,meaningful_trp,diffsbdd,diffsbdd_meaningful_real20,20,18,0.9,18,1.0,0.4835845574960211,0.1129183891127121,,,-3.205055555555556,0.48454084476637627
2X4T,original,original,diffsbdd,diffsbdd_meaningful_real20,20,14,0.7,14,1.0,0.4761451057016194,0.1190743132537927,,,-3.1904999999999997,0.506824673827153
2X4T,meaningful,meaningful_ala,diffsbdd,diffsbdd_meaningful_real20,20,17,0.85,17,1.0,0.6041018585645056,0.1000775968249344,,,-3.3658125,0.47520011820679287
2X4T,meaningful,meaningful_trp,diffsbdd,diffsbdd_meaningful_real20,20,17,0.85,17,1.0,0.5286932783244654,0.1339595661663348,,,-3.212625,0.5211362435822325
2P5W,original,original,diffsbdd,diffsbdd_meaningful_real20,20,20,1.0,20,1.0,0.4653048036775009,0.1319613196319057,,,-2.635,0.30606898278365646
2P5W,meaningful,meaningful_ala,diffsbdd,diffsbdd_meaningful_real20,20,18,0.9,18,1.0,0.4859915509524086,0.101823699030542,,,-2.406117647058824,0.3507848146074307
2P5W,meaningful,meaningful_trp,diffsbdd,diffsbdd_meaningful_real20,20,17,0.85,17,1.0,0.5253473960664532,0.0895293887483371,,,-2.3939375,0.23079251199670667
2PYE,original,original,diffsbdd,diffsbdd_meaningful_real20,20,19,0.95,19,1.0,0.4743061196067912,0.1010534039488548,,,-2.941611111111111,0.6222446052521726
2PYE,meaningful,meaningful_ala,diffsbdd,diffsbdd_meaningful_real20,20,17,0.85,17,1.0,0.4609130571668631,0.1271749814363869,,,-2.830294117647059,0.5137049696545196
2PYE,meaningful,meaningful_trp,diffsbdd,diffsbdd_meaningful_real20,20,20,1.0,18,0.9,0.4169391008796829,0.1156628218769446,,,-2.687584210526316,0.7790554241908716
1I4F,original,original,diffsbdd,diffsbdd_meaningful_real20,20,20,1.0,20,1.0,0.4619759315087289,0.1292563432954357,,,-2.965263157894737,0.5203031345288571
1I4F,meaningful,meaningful_ala,diffsbdd,diffsbdd_meaningful_real20,20,18,0.9,18,1.0,0.4845494946898684,0.1529603703104482,,,-2.813888888888889,0.4669065917633835
1I4F,meaningful,meaningful_trp,diffsbdd,diffsbdd_meaningful_real20,20,16,0.8,16,1.0,0.4847078534926078,0.1439087089240698,,,-2.9184375,0.6606910178697376
2AV1,original,original,diffsbdd,diffsbdd_meaningful_real20,20,20,1.0,20,1.0,0.4643456256377806,0.1676243139691148,,,-2.306,0.42170724442437557
2AV1,meaningful,meaningful_ala,diffsbdd,diffsbdd_meaningful_real20,20,18,0.9,18,1.0,0.41936218590149,0.1284195317401813,,,-2.237764705882353,0.39555895365058896
2AV1,meaningful,meaningful_trp,diffsbdd,diffsbdd_meaningful_real20,20,19,0.95,19,1.0,0.4108638779821538,0.1679341361254004,,,-2.2707777777777785,0.2903491299865571
4WJ5,original,original,diffsbdd,diffsbdd_meaningful_real20,20,17,0.85,17,1.0,0.5024578775502806,0.1462581674184552,,,-3.825785714285715,0.6173607626214107
4WJ5,meaningful,meaningful_ala,diffsbdd,diffsbdd_meaningful_real20,20,16,0.8,16,1.0,0.5422607372879102,0.132480012970161,,,-3.65575,0.3847289359622781
4WJ5,meaningful,meaningful_trp,diffsbdd,diffsbdd_meaningful_real20,20,19,0.95,19,1.0,0.5843120957815732,0.1513127350118711,,,-3.9687857142857146,0.6908499091255463
2X4O,original,original,diffsbdd,diffsbdd_meaningful_real20,20,19,0.95,19,1.0,0.5088228313194357,0.1188214301714211,,,-2.990789473684211,0.6771424151650172
2X4O,meaningful,meaningful_ala,diffsbdd,diffsbdd_meaningful_real20,19,13,0.6842105263157895,13,1.0,0.4738000825791199,0.1382352482866616,,,-2.930846153846154,0.7643896354562242
2X4O,meaningful,meaningful_trp,diffsbdd,diffsbdd_meaningful_real20,20,18,0.9,18,1.0,0.5010424423124512,0.1542427620638879,,,-2.7577647058823533,0.6741129709313229
5U98,original,original,diffsbdd,diffsbdd_meaningful_real20,20,17,0.85,17,1.0,0.4689742625409634,0.0944885432681659,,,-4.044874999999999,0.8664826076586881
5U98,meaningful,meaningful_ala,diffsbdd,diffsbdd_meaningful_real20,20,12,0.6,12,1.0,0.4603020022003305,0.0697678577395025,,,-3.5414166666666667,0.9490149681233812
5U98,meaningful,meaningful_trp,diffsbdd,diffsbdd_meaningful_real20,20,17,0.85,17,1.0,0.5322057730864929,0.1352456845219043,,,-4.219866666666666,0.8377348718750793
3VRI,original,original,diffsbdd,diffsbdd_meaningful_real20,20,16,0.8,16,1.0,0.5739051024836206,0.1161160268289443,,,-4.454625,1.0506960713617426
3VRI,meaningful,meaningful_ala,diffsbdd,diffsbdd_meaningful_real20,20,16,0.8,16,1.0,0.5064899120721903,0.1198297821975886,,,-3.9651875,1.0690031699409268
3VRI,meaningful,meaningful_trp,diffsbdd,diffsbdd_meaningful_real20,20,14,0.7,14,1.0,0.5190266809112203,0.134785106994848,,,-3.9243076923076923,1.143161970125331
3UPR,original,original,diffsbdd,diffsbdd_meaningful_real20,20,15,0.75,15,1.0,0.4829906669953129,0.1903425599819227,,,-3.9126666666666665,1.2209727633689822
3UPR,meaningful,meaningful_ala,diffsbdd,diffsbdd_meaningful_real20,20,14,0.7,14,1.0,0.5576874470043783,0.0967521471496044,,,-4.056692307692308,0.8503643910895706
3UPR,meaningful,meaningful_trp,diffsbdd,diffsbdd_meaningful_real20,20,13,0.65,13,1.0,0.5524722317162777,0.1702753014307995,,,-4.254538461538461,0.902611392263463
