pocket_id,perturbation_type,perturbation_tag,model_name,run_id,n_total,n_valid,validity,n_unique_valid,uniqueness,mean_qed,std_qed,mean_sa,std_sa,brittle_invariant,brittleness_note
7HZW,original,original,diffsbdd,diffsbdd_real100,19,18,0.9473684210526315,18,1.0,0.37282984989111134,0.18449104300213892,,,True,n_total:std=0.4330;n_valid:std=1.2990;n_unique_valid:std=1.7321
7HZW,invariant_atom_shuffle,atom_shuffle,diffsbdd,diffsbdd_real100,20,18,0.9,18,1.0,0.41197883971237315,0.21874155663467598,,,True,n_total:std=0.4330;n_valid:std=1.2990;n_unique_valid:std=1.7321
7HZW,invariant_coordinate_jitter,coordinate_jitter,diffsbdd,diffsbdd_real100,20,18,0.9,18,1.0,0.45194017005667914,0.147477065795343,,,True,n_total:std=0.4330;n_valid:std=1.2990;n_unique_valid:std=1.7321
7HZW,invariant,crop_radius_plus_1.5,diffsbdd,diffsbdd_real100,20,18,0.9,18,1.0,0.44756619593895736,0.097604406514351,,,True,n_total:std=0.4330;n_valid:std=1.2990;n_unique_valid:std=1.7321
7HZW,invariant,crop_radius_minus_1.5,diffsbdd,diffsbdd_real100,19,15,0.7894736842105263,14,0.9333333333333333,0.3738601431737895,0.2116169220137974,,,True,n_total:std=0.4330;n_valid:std=1.2990;n_unique_valid:std=1.7321
9M6U,original,original,diffsbdd,diffsbdd_real100,20,19,0.95,19,1.0,0.6109649517192915,0.1321640607845171,,,True,n_valid:std=1.8708;validity:std=0.0935;n_unique_valid:std=1.8708
9M6U,invariant_atom_shuffle,atom_shuffle,diffsbdd,diffsbdd_real100,20,15,0.75,15,1.0,0.5501253068865438,0.12107076558490085,,,True,n_valid:std=1.8708;validity:std=0.0935;n_unique_valid:std=1.8708
9M6U,invariant_coordinate_jitter,coordinate_jitter,diffsbdd,diffsbdd_real100,20,17,0.85,17,1.0,0.4625171068337154,0.21733007828819367,,,True,n_valid:std=1.8708;validity:std=0.0935;n_unique_valid:std=1.8708
9M6U,invariant,crop_radius_plus_1.5,diffsbdd,diffsbdd_real100,20,16,0.8,16,1.0,0.42647719086540875,0.11624344075210254,,,True,n_valid:std=1.8708;validity:std=0.0935;n_unique_valid:std=1.8708
9M6U,invariant,crop_radius_minus_1.5,diffsbdd,diffsbdd_real100,20,20,1.0,20,1.0,0.4733860578007145,0.1698294861549837,,,True,n_valid:std=1.8708;validity:std=0.0935;n_unique_valid:std=1.8708
9RN8,original,original,diffsbdd,diffsbdd_real100,20,13,0.65,13,1.0,0.582918431945788,0.1900427481076329,,,True,n_valid:std=0.8292;n_unique_valid:std=0.8292;mean_qed:std=0.1298
9RN8,invariant_atom_shuffle,atom_shuffle,diffsbdd,diffsbdd_real100,20,17,0.85,17,1.0,0.5773091258315559,0.20863119091842666,,,True,n_valid:std=0.8292;n_unique_valid:std=0.8292;mean_qed:std=0.1298
9RN8,invariant_coordinate_jitter,coordinate_jitter,diffsbdd,diffsbdd_real100,20,18,0.9,18,1.0,0.5709651106939486,0.13594089116878197,,,True,n_valid:std=0.8292;n_unique_valid:std=0.8292;mean_qed:std=0.1298
9RN8,invariant,crop_radius_plus_1.5,diffsbdd,diffsbdd_real100,20,16,0.8,16,1.0,0.5010775875290301,0.1501263362115257,,,True,n_valid:std=0.8292;n_unique_valid:std=0.8292;mean_qed:std=0.1298
9RN8,invariant,crop_radius_minus_1.5,diffsbdd,diffsbdd_real100,20,16,0.8,16,1.0,0.25817824917958293,0.21341118556222669,,,True,n_valid:std=0.8292;n_unique_valid:std=0.8292;mean_qed:std=0.1298
9Y2G,original,original,diffsbdd,diffsbdd_real100,20,19,0.95,19,1.0,0.4286791889612365,0.1333555607333294,,,True,n_valid:std=1.2247;validity:std=0.0612;n_unique_valid:std=1.2247
9Y2G,invariant_atom_shuffle,atom_shuffle,diffsbdd,diffsbdd_real100,20,17,0.85,17,1.0,0.44857974741656603,0.13564039863960503,,,True,n_valid:std=1.2247;validity:std=0.0612;n_unique_valid:std=1.2247
9Y2G,invariant_coordinate_jitter,coordinate_jitter,diffsbdd,diffsbdd_real100,20,20,1.0,20,1.0,0.3996091181185508,0.1351661288075413,,,True,n_valid:std=1.2247;validity:std=0.0612;n_unique_valid:std=1.2247
9Y2G,invariant,crop_radius_plus_1.5,diffsbdd,diffsbdd_real100,20,20,1.0,20,1.0,0.5319944445839306,0.10154574991003947,,,True,n_valid:std=1.2247;validity:std=0.0612;n_unique_valid:std=1.2247
9Y2G,invariant,crop_radius_minus_1.5,diffsbdd,diffsbdd_real100,20,19,0.95,19,1.0,0.48881477555092173,0.09595025679321664,,,True,n_valid:std=1.2247;validity:std=0.0612;n_unique_valid:std=1.2247
8UC4,original,original,diffsbdd,diffsbdd_real100,20,17,0.85,16,0.9411764705882353,0.3801097386049832,0.1987220361365087,,,True,n_total:std=0.4330;n_valid:std=0.8292;n_unique_valid:std=0.8292;mean_qed:std=0.0601
8UC4,invariant_atom_shuffle,atom_shuffle,diffsbdd,diffsbdd_real100,19,16,0.8421052631578947,16,1.0,0.4886627690524808,0.2112662206105607,,,True,n_total:std=0.4330;n_valid:std=0.8292;n_unique_valid:std=0.8292;mean_qed:std=0.0601
8UC4,invariant_coordinate_jitter,coordinate_jitter,diffsbdd,diffsbdd_real100,20,17,0.85,17,1.0,0.36876332846778576,0.2022845759963166,,,True,n_total:std=0.4330;n_valid:std=0.8292;n_unique_valid:std=0.8292;mean_qed:std=0.0601
8UC4,invariant,crop_radius_plus_1.5,diffsbdd,diffsbdd_real100,20,18,0.9,18,1.0,0.4570993385890377,0.14344915940967698,,,True,n_total:std=0.4330;n_valid:std=0.8292;n_unique_valid:std=0.8292;mean_qed:std=0.0601
8UC4,invariant,crop_radius_minus_1.5,diffsbdd,diffsbdd_real100,20,18,0.9,18,1.0,0.343355421847267,0.21883604226783923,,,True,n_total:std=0.4330;n_valid:std=0.8292;n_unique_valid:std=0.8292;mean_qed:std=0.0601
9X7E,original,original,diffsbdd,diffsbdd_real100,20,15,0.75,15,1.0,0.4825542951662179,0.13315397334587994,,,True,n_valid:std=1.4790;validity:std=0.0740;n_unique_valid:std=1.4790;mean_qed:std=0.0533
9X7E,invariant_atom_shuffle,atom_shuffle,diffsbdd,diffsbdd_real100,20,20,1.0,20,1.0,0.47257464177590097,0.1363921006069163,,,True,n_valid:std=1.4790;validity:std=0.0740;n_unique_valid:std=1.4790;mean_qed:std=0.0533
9X7E,invariant_coordinate_jitter,coordinate_jitter,diffsbdd,diffsbdd_real100,20,19,0.95,19,1.0,0.5264290082069764,0.14412059708209884,,,True,n_valid:std=1.4790;validity:std=0.0740;n_unique_valid:std=1.4790;mean_qed:std=0.0533
9X7E,invariant,crop_radius_plus_1.5,diffsbdd,diffsbdd_real100,20,16,0.8,16,1.0,0.5745893785989289,0.11745169407850643,,,True,n_valid:std=1.4790;validity:std=0.0740;n_unique_valid:std=1.4790;mean_qed:std=0.0533
9X7E,invariant,crop_radius_minus_1.5,diffsbdd,diffsbdd_real100,20,18,0.9,18,1.0,0.4339991019532209,0.21462585112199814,,,True,n_valid:std=1.4790;validity:std=0.0740;n_unique_valid:std=1.4790;mean_qed:std=0.0533
8RU6,original,original,diffsbdd,diffsbdd_real100,20,19,0.95,19,1.0,0.5673215270544646,0.13411971839700548,,,True,n_valid:std=0.4330;n_unique_valid:std=0.4330
8RU6,invariant_atom_shuffle,atom_shuffle,diffsbdd,diffsbdd_real100,20,19,0.95,19,1.0,0.5201455040149628,0.09394030396627298,,,True,n_valid:std=0.4330;n_unique_valid:std=0.4330
8RU6,invariant_coordinate_jitter,coordinate_jitter,diffsbdd,diffsbdd_real100,20,19,0.95,19,1.0,0.5560752642360798,0.1375984542475485,,,True,n_valid:std=0.4330;n_unique_valid:std=0.4330
8RU6,invariant,crop_radius_plus_1.5,diffsbdd,diffsbdd_real100,20,19,0.95,19,1.0,0.5212093863697428,0.16045423651011181,,,True,n_valid:std=0.4330;n_unique_valid:std=0.4330
8RU6,invariant,crop_radius_minus_1.5,diffsbdd,diffsbdd_real100,20,18,0.9,18,1.0,0.5348087222542399,0.13849639835696465,,,True,n_valid:std=0.4330;n_unique_valid:std=0.4330
8R6K,original,original,diffsbdd,diffsbdd_real100,20,16,0.8,15,0.9375,0.5318545791076105,0.10092324681946462,,,True,n_valid:std=1.4790;validity:std=0.0740;n_unique_valid:std=1.4790;mean_qed:std=0.1006;std_qed:std=0.0597
8R6K,invariant_atom_shuffle,atom_shuffle,diffsbdd,diffsbdd_real100,20,16,0.8,16,1.0,0.47381955509773965,0.16182765153318995,,,True,n_valid:std=1.4790;validity:std=0.0740;n_unique_valid:std=1.4790;mean_qed:std=0.1006;std_qed:std=0.0597
8R6K,invariant_coordinate_jitter,coordinate_jitter,diffsbdd,diffsbdd_real100,20,14,0.7,14,1.0,0.5617756037136682,0.12336125053921079,,,True,n_valid:std=1.4790;validity:std=0.0740;n_unique_valid:std=1.4790;mean_qed:std=0.1006;std_qed:std=0.0597
8R6K,invariant,crop_radius_plus_1.5,diffsbdd,diffsbdd_real100,20,15,0.75,15,1.0,0.5461336161671749,0.15172215604925182,,,True,n_valid:std=1.4790;validity:std=0.0740;n_unique_valid:std=1.4790;mean_qed:std=0.1006;std_qed:std=0.0597
8R6K,invariant,crop_radius_minus_1.5,diffsbdd,diffsbdd_real100,20,18,0.9,18,1.0,0.3078940934168872,0.27963565393221645,,,True,n_valid:std=1.4790;validity:std=0.0740;n_unique_valid:std=1.4790;mean_qed:std=0.1006;std_qed:std=0.0597
8QR3,original,original,diffsbdd,diffsbdd_real100,20,11,0.55,11,1.0,0.5605679071937604,0.18640456316008155,,,True,n_valid:std=3.0000;validity:std=0.1500;n_unique_valid:std=3.0000
8QR3,invariant_atom_shuffle,atom_shuffle,diffsbdd,diffsbdd_real100,20,14,0.7,14,1.0,0.5643240396437028,0.14651560555942006,,,True,n_valid:std=3.0000;validity:std=0.1500;n_unique_valid:std=3.0000
8QR3,invariant_coordinate_jitter,coordinate_jitter,diffsbdd,diffsbdd_real100,20,14,0.7,14,1.0,0.5549882883773752,0.1412550192301459,,,True,n_valid:std=3.0000;validity:std=0.1500;n_unique_valid:std=3.0000
8QR3,invariant,crop_radius_plus_1.5,diffsbdd,diffsbdd_real100,20,8,0.4,8,1.0,0.5664206914657124,0.15761078858307168,,,True,n_valid:std=3.0000;validity:std=0.1500;n_unique_valid:std=3.0000
8QR3,invariant,crop_radius_minus_1.5,diffsbdd,diffsbdd_real100,20,16,0.8,16,1.0,0.5106731282071513,0.1731932801369885,,,True,n_valid:std=3.0000;validity:std=0.1500;n_unique_valid:std=3.0000
9MER,original,original,diffsbdd,diffsbdd_real100,20,17,0.85,17,1.0,0.44087785718257,0.12499430552029447,,,False,insufficient_invariant_rows
