pocket_id,perturbation_type,perturbation_tag,model_name,run_id,n_total,n_valid,validity,n_unique_valid,uniqueness,mean_qed,std_qed,mean_sa,std_sa
1AO7,original,original,diffsbdd,diffsbdd_isr_matched4_v2,8,8,1.0,8,1.0,0.5307104836930479,0.1243561781269089,4.785342728351563,0.7998676499908784
1AO7,invariant_atom_shuffle,atom_shuffle,diffsbdd,diffsbdd_isr_matched4_v2,8,7,0.875,7,1.0,0.5274926368309634,0.1057146330301593,3.6549336147464815,1.0483266744377395
1AO7,invariant_coordinate_jitter,coordinate_jitter,diffsbdd,diffsbdd_isr_matched4_v2,8,7,0.875,7,1.0,0.4216885909343081,0.0810290554452143,4.182915149344431,1.61086116158689
1AO7,invariant,crop_radius_minus_1.5,diffsbdd,diffsbdd_isr_matched4_v2,8,6,0.75,6,1.0,0.3655378800990432,0.0745284424533594,4.562857977801952,0.530164347241173
1AO7,invariant_directional_crop,face_peel_0.25,diffsbdd,diffsbdd_isr_matched4_v2,8,8,1.0,8,1.0,0.5173505286905932,0.1124979098916066,4.080901349310821,1.167271488353566
1B0R,original,original,diffsbdd,diffsbdd_isr_matched4_v2,8,6,0.75,6,1.0,0.4844533206288957,0.1758502885741933,4.090009151812087,1.080071590154197
1B0R,invariant_atom_shuffle,atom_shuffle,diffsbdd,diffsbdd_isr_matched4_v2,8,6,0.75,6,1.0,0.6297523251764505,0.1156434161646702,3.698598577343223,1.303372442270446
1B0R,invariant_coordinate_jitter,coordinate_jitter,diffsbdd,diffsbdd_isr_matched4_v2,8,7,0.875,7,1.0,0.5842240198999388,0.122153789674662,3.899268099232747,1.1949235959979767
1B0R,invariant,crop_radius_minus_1.5,diffsbdd,diffsbdd_isr_matched4_v2,8,7,0.875,7,1.0,0.5665030379825918,0.1927038457560558,4.019449118467932,1.645032088578385
1B0R,invariant_directional_crop,face_peel_0.25,diffsbdd,diffsbdd_isr_matched4_v2,8,7,0.875,7,1.0,0.5684429599635336,0.1338267610186946,3.3610940779605265,1.1399138678416827
1HXC,original,original,diffsbdd,diffsbdd_isr_matched4_v2,8,8,1.0,8,1.0,0.520043251028948,0.1323484955431283,4.5194863891159365,0.7383459786712349
1HXC,invariant_atom_shuffle,atom_shuffle,diffsbdd,diffsbdd_isr_matched4_v2,8,5,0.625,5,1.0,0.4634593062519092,0.1299217398399826,4.597651479993716,0.7439695064393984
1HXC,invariant_coordinate_jitter,coordinate_jitter,diffsbdd,diffsbdd_isr_matched4_v2,8,7,0.875,7,1.0,0.5540631948580981,0.2524064599986984,4.458819737652149,1.0793650023427337
1HXC,invariant,crop_radius_minus_1.5,diffsbdd,diffsbdd_isr_matched4_v2,8,6,0.75,6,1.0,0.5494512325191178,0.0970030235974209,3.403243293428416,0.7490258302658416
1HXC,invariant_directional_crop,face_peel_0.25,diffsbdd,diffsbdd_isr_matched4_v2,8,7,0.875,7,1.0,0.4649747366733497,0.1178223811776607,4.041207947031436,1.153924777192239
1I4F,original,original,diffsbdd,diffsbdd_isr_matched4_v2,8,7,0.875,7,1.0,0.4851732012273907,0.0754232181582356,3.462002991354978,0.6224571836346183
1I4F,invariant_atom_shuffle,atom_shuffle,diffsbdd,diffsbdd_isr_matched4_v2,8,6,0.75,6,1.0,0.5272448390320753,0.1048870856613129,3.9415144425530304,0.6098027653798318
1I4F,invariant_coordinate_jitter,coordinate_jitter,diffsbdd,diffsbdd_isr_matched4_v2,8,8,1.0,8,1.0,0.4801113584992956,0.0688382775540048,3.8200387598709584,0.9816963264156784
1I4F,invariant,crop_radius_minus_1.5,diffsbdd,diffsbdd_isr_matched4_v2,8,8,1.0,8,1.0,0.515598718898262,0.0734264561638305,3.326599441733108,1.5166856717353456
1I4F,invariant_directional_crop,face_peel_0.25,diffsbdd,diffsbdd_isr_matched4_v2,8,7,0.875,7,1.0,0.4995253364142023,0.0959524393679079,3.121813572469549,0.672971298392187
