n_valid_mols,mean_mw,std_mw,mean_qed,mean_sa,pocket_id,perturbation_tag,model_name
14,200.7230714285714,51.99574165045261,0.6106710222081532,2.653251149921054,1AO7,original,pocket2mol
12,230.39166666666668,58.422790875840754,0.6495942228634891,3.118180067537306,1AO7,atom_shuffle,pocket2mol
12,233.41724999999997,65.07777645392858,0.6293647045522983,2.309624906951837,1AO7,coordinate_jitter,pocket2mol
13,294.382,72.62855966014811,0.5342728164562549,3.093700777435127,1AO7,crop_radius_plus_1.5,pocket2mol
13,177.688,37.59394583624419,0.521923142797432,3.298084126215113,1AO7,crop_radius_minus_1.5,pocket2mol
12,204.75300000000001,62.06081784830102,0.7074320869609632,2.7530607634300517,1B0R,original,pocket2mol
12,204.75300000000001,62.06081784830102,0.7074320869609632,2.7530607634300517,1B0R,atom_shuffle,pocket2mol
15,219.33266666666663,32.34845331628014,0.6325790827455827,2.899372964323163,1B0R,coordinate_jitter,pocket2mol
13,207.01292307692304,45.55838725358843,0.7014658018243781,2.556891194564233,1B0R,crop_radius_plus_1.5,pocket2mol
15,200.38566666666662,24.50677272283906,0.6378480298699114,2.660480841803512,1B0R,crop_radius_minus_1.5,pocket2mol
0,,,,,1DIZ,original,pocket2mol
0,,,,,1DIZ,atom_shuffle,pocket2mol
0,,,,,1DIZ,coordinate_jitter,pocket2mol
13,102.15153846153846,8.382378674846459,0.45928184883638246,2.7857117133810787,1DIZ,crop_radius_plus_1.5,pocket2mol
0,,,,,1DIZ,crop_radius_minus_1.5,pocket2mol
15,292.0339333333333,51.83518677560858,0.6148221003778512,4.0526756817548915,1HXC,original,pocket2mol
15,292.0339333333333,51.83518677560858,0.6148221003778512,4.0526756817548915,1HXC,atom_shuffle,pocket2mol
13,288.64269230769236,56.50789103422722,0.676931112831902,3.492731847146271,1HXC,coordinate_jitter,pocket2mol
12,352.7345,101.8004932613296,0.37312766400130465,4.426328375908278,1HXC,crop_radius_plus_1.5,pocket2mol
17,373.6455882352943,88.71044334241002,0.5763940310551285,3.6513269379750537,1HXC,crop_radius_minus_1.5,pocket2mol
14,197.2913571428571,44.33924913277358,0.6257392425318061,1.7927525902987778,1I4F,original,pocket2mol
14,197.2913571428571,44.33924913277358,0.6257392425318061,1.7927525902987778,1I4F,atom_shuffle,pocket2mol
15,189.35833333333326,33.045744189263196,0.6715980969666193,2.6755259922578634,1I4F,coordinate_jitter,pocket2mol
12,182.02091666666664,66.67830197855262,0.46705864312966217,3.6516437872257392,1I4F,crop_radius_plus_1.5,pocket2mol
13,107.37000000000002,27.858336280325357,0.47423393220167487,3.3677277151291065,1I4F,crop_radius_minus_1.5,pocket2mol
16,180.6515,25.304389396901094,0.6550046718674781,1.9264922170335415,1JF1,original,pocket2mol
16,180.6515,25.304389396901094,0.6550046718674781,1.9264922170335415,1JF1,atom_shuffle,pocket2mol
14,129.31592857142854,33.203224919671975,0.5577270296557568,1.7692815616361315,1JF1,coordinate_jitter,pocket2mol
12,89.47099999999999,31.227908917078206,0.4248927569725259,3.354663558082299,1JF1,crop_radius_plus_1.5,pocket2mol
14,111.2145,24.880453546480442,0.5318524596564436,1.8389745405115174,1JF1,crop_radius_minus_1.5,pocket2mol
12,332.2288333333334,33.03832171593405,0.7726279896334035,3.8802973630941344,1PVS,original,pocket2mol
12,332.2288333333334,33.03832171593405,0.7726279896334035,3.8802973630941344,1PVS,atom_shuffle,pocket2mol
15,347.6573333333334,15.49170611936881,0.725688923961633,3.131344664320493,1PVS,coordinate_jitter,pocket2mol
12,319.53550000000007,91.5909057526092,0.5893288737621364,3.8774403299541844,1PVS,crop_radius_plus_1.5,pocket2mol
14,317.1853571428572,46.77022236210798,0.8187278877196768,3.356433493870267,1PVS,crop_radius_minus_1.5,pocket2mol
15,225.09346666666664,17.25242700556134,0.5369381591210989,3.8494473609218924,1YFW,original,pocket2mol
15,225.09346666666664,17.25242700556134,0.5369381591210989,3.8494473609218924,1YFW,atom_shuffle,pocket2mol
14,226.06835714285717,7.367109586409268,0.45708667321158636,3.8643659033076476,1YFW,coordinate_jitter,pocket2mol
15,218.7166,40.355196078159075,0.6394462173952035,3.0851817854171792,1YFW,crop_radius_plus_1.5,pocket2mol
21,229.43766666666664,21.51743148579848,0.7466958784196942,3.154010595686291,1YFW,crop_radius_minus_1.5,pocket2mol
14,207.4555,35.37075327310889,0.4917242776262007,3.257349353922592,1YFY,original,pocket2mol
14,207.4555,35.37075327310889,0.4917242776262007,3.257349353922592,1YFY,atom_shuffle,pocket2mol
17,237.02682352941176,24.2584947528642,0.582568007347886,3.983529830654977,1YFY,coordinate_jitter,pocket2mol
15,270.21359999999993,12.344073427087721,0.5866753905157343,4.9000177074607185,1YFY,crop_radius_plus_1.5,pocket2mol
14,236.55671428571424,7.631814364212217,0.6372088002046211,3.4662206865041285,1YFY,crop_radius_minus_1.5,pocket2mol
0,,,,,2AV1,original,pocket2mol
0,,,,,2AV1,atom_shuffle,pocket2mol
0,,,,,2AV1,coordinate_jitter,pocket2mol
0,,,,,2AV1,crop_radius_plus_1.5,pocket2mol
13,143.31561538461534,34.0841146070186,0.5579540153671633,2.1443225403545116,2AV1,crop_radius_minus_1.5,pocket2mol
12,228.2274166666667,17.346078026739132,0.5349322278568529,3.706103267347,2GJ6,original,pocket2mol
12,228.2274166666667,17.346078026739132,0.5349322278568529,3.706103267347,2GJ6,atom_shuffle,pocket2mol
18,233.9498888888889,12.264124595696403,0.4762232124476548,3.72887472756011,2GJ6,coordinate_jitter,pocket2mol
16,243.023375,62.61086754397654,0.4366292824997798,3.279938409685334,2GJ6,crop_radius_plus_1.5,pocket2mol
12,144.48041666666663,53.20167233345572,0.5611549100918957,2.352817446531262,2GJ6,crop_radius_minus_1.5,pocket2mol
12,159.66241666666667,18.971870336800976,0.6187509587810591,1.9545125864255486,2P5E,original,pocket2mol
12,159.66241666666667,18.971870336800976,0.6187509587810591,1.9545125864255486,2P5E,atom_shuffle,pocket2mol
12,176.84316666666666,21.204674153879896,0.6144040713256304,2.0497452388505244,2P5E,coordinate_jitter,pocket2mol
13,147.24376923076923,63.18937062653428,0.5314315551729343,3.034081309678049,2P5E,crop_radius_plus_1.5,pocket2mol
13,140.39123076923076,14.997761956904636,0.5087394846858877,2.608729275468752,2P5E,crop_radius_minus_1.5,pocket2mol
15,176.28519999999997,27.7279994787459,0.6041104287497249,1.9926553496935686,2P5W,original,pocket2mol
15,176.28519999999997,27.7279994787459,0.6041104287497249,1.9926553496935686,2P5W,atom_shuffle,pocket2mol
14,146.34285714285713,20.12469743466307,0.5930129828890645,1.8416907007277779,2P5W,coordinate_jitter,pocket2mol
14,127.12735714285714,43.194897145061574,0.5254759905158869,2.882477978342643,2P5W,crop_radius_plus_1.5,pocket2mol
12,116.77324999999998,14.962948913482935,0.5459217208719465,1.657274621095343,2P5W,crop_radius_minus_1.5,pocket2mol
15,237.85959999999994,29.220419432992397,0.6597000999957391,3.055391906302254,2PYE,original,pocket2mol
15,237.85959999999994,29.220419432992397,0.6597000999957391,3.055391906302254,2PYE,atom_shuffle,pocket2mol
14,218.75399999999996,38.802884244786306,0.6297881026114153,2.2874205289757272,2PYE,coordinate_jitter,pocket2mol
15,198.7353333333334,64.14946175057815,0.5366387561722376,2.8272300289192205,2PYE,crop_radius_plus_1.5,pocket2mol
13,212.06961538461536,38.382897196013815,0.7287316054653556,2.4122067019029747,2PYE,crop_radius_minus_1.5,pocket2mol
13,223.7351538461538,43.10377574545869,0.608615484840316,2.3812447565562733,2X4N,original,pocket2mol
13,223.7351538461538,43.10377574545869,0.608615484840316,2.3812447565562733,2X4N,atom_shuffle,pocket2mol
12,204.71574999999999,56.43496061710478,0.6348702251486789,2.5844068664912383,2X4N,coordinate_jitter,pocket2mol
12,235.56633333333332,54.28415596091449,0.5344949788561681,4.0066555321624815,2X4N,crop_radius_plus_1.5,pocket2mol
15,169.03246666666664,30.703470704719287,0.5773624875228693,2.294252007288068,2X4N,crop_radius_minus_1.5,pocket2mol
16,356.9623125000001,42.58493029335436,0.7801966595618428,3.88932319688129,2X4O,original,pocket2mol
16,356.9623125000001,42.58493029335436,0.7801966595618428,3.88932319688129,2X4O,atom_shuffle,pocket2mol
12,288.1747500000001,109.90261408031891,0.704298319609279,2.9399797641139096,2X4O,coordinate_jitter,pocket2mol
12,374.0115000000001,93.8116070559325,0.5814452843655524,4.427449740931286,2X4O,crop_radius_plus_1.5,pocket2mol
12,239.8864166666667,76.72269221299345,0.6802565825286789,2.478996743680414,2X4O,crop_radius_minus_1.5,pocket2mol
0,,,,,2X4Q,original,pocket2mol
0,,,,,2X4Q,atom_shuffle,pocket2mol
19,166.91131578947366,21.259732282942384,0.6352041340077763,2.922722916449031,2X4Q,coordinate_jitter,pocket2mol
17,72.5554705882353,15.939607114198811,0.4202990077446916,2.518200788388764,2X4Q,crop_radius_plus_1.5,pocket2mol
14,114.63457142857142,14.780760127922498,0.4909000966358837,2.902659472959825,2X4Q,crop_radius_minus_1.5,pocket2mol
12,351.93791666666675,25.692259211866205,0.6360842630341627,3.3364888279457703,2X4S,original,pocket2mol
12,351.93791666666675,25.692259211866205,0.6360842630341627,3.3364888279457703,2X4S,atom_shuffle,pocket2mol
12,268.22608333333335,41.58863443990906,0.6373799707898874,2.8189121419553866,2X4S,coordinate_jitter,pocket2mol
12,281.3365833333334,110.47362581589212,0.4813831140650339,3.550264976458463,2X4S,crop_radius_plus_1.5,pocket2mol
12,241.689,73.5833505590769,0.8063690637525752,2.447552976770486,2X4S,crop_radius_minus_1.5,pocket2mol
12,244.17916666666667,39.53853939266795,0.7113383674972275,2.478964469277837,2X4T,original,pocket2mol
12,244.17916666666667,39.53853939266795,0.7113383674972275,2.478964469277837,2X4T,atom_shuffle,pocket2mol
13,280.75800000000004,44.4178211618854,0.6615992457319909,3.239189188744699,2X4T,coordinate_jitter,pocket2mol
12,202.49333333333334,90.06407709452691,0.6233970859983752,3.079655008867615,2X4T,crop_radius_plus_1.5,pocket2mol
13,156.18746153846152,30.740050461935937,0.6590163474031983,1.5275954713661202,2X4T,crop_radius_minus_1.5,pocket2mol
16,117.79175000000001,25.531171972952983,0.460255693181791,2.341803127310178,3CWA,original,pocket2mol
16,117.79175000000001,25.531171972952983,0.460255693181791,2.341803127310178,3CWA,atom_shuffle,pocket2mol
12,140.36408333333333,29.756410918372787,0.5093964754856481,1.9901714152972259,3CWA,coordinate_jitter,pocket2mol
15,150.12479999999996,23.935805375211423,0.4932976756704104,2.9020781530565642,3CWA,crop_radius_plus_1.5,pocket2mol
13,110.02815384615384,23.540816967870775,0.4602319869480844,2.3296953599381576,3CWA,crop_radius_minus_1.5,pocket2mol
14,310.9434285714286,51.22991665411685,0.577082958505301,4.034312514913967,3LZ9,original,pocket2mol
12,337.01258333333345,82.60080644426584,0.5602774056051446,3.524630725566706,3LZ9,atom_shuffle,pocket2mol
12,208.40849999999998,38.14663477621585,0.6847653865078239,2.6958775342653207,3LZ9,coordinate_jitter,pocket2mol
13,328.79753846153847,32.49719162923136,0.674478380102155,3.8842515759209753,3LZ9,crop_radius_plus_1.5,pocket2mol
14,291.4937142857143,88.24472898578996,0.6760753701569878,3.279403715445132,3LZ9,crop_radius_minus_1.5,pocket2mol
13,345.85861538461546,33.499828788399405,0.5713889452218613,3.481248175174299,3M00,original,pocket2mol
13,345.85861538461546,33.499828788399405,0.5713889452218613,3.481248175174299,3M00,atom_shuffle,pocket2mol
13,390.0362307692309,52.639893352641984,0.4932172267634574,4.960652604307013,3M00,coordinate_jitter,pocket2mol
14,353.28950000000003,51.41113054964716,0.5960406938360615,4.091268733519822,3M00,crop_radius_plus_1.5,pocket2mol
12,253.8864166666667,56.85025461605009,0.7513681872466508,2.217888083041768,3M00,crop_radius_minus_1.5,pocket2mol
12,278.21083333333337,92.07226407631615,0.720094998904745,3.4965050854207864,3UPR,original,pocket2mol
12,278.21083333333337,92.07226407631615,0.720094998904745,3.4965050854207864,3UPR,atom_shuffle,pocket2mol
13,299.0016923076924,85.32632856761393,0.6962355432376998,2.790277735090451,3UPR,coordinate_jitter,pocket2mol
13,352.4086923076924,15.965974717334264,0.7733953171098948,4.147667939269173,3UPR,crop_radius_plus_1.5,pocket2mol
12,237.62508333333335,93.81962294784817,0.66235224853654,2.6041553568919773,3UPR,crop_radius_minus_1.5,pocket2mol
13,291.57884615384614,45.70255345643032,0.7302573936385517,3.657221307043184,3VRI,original,pocket2mol
13,291.57884615384614,45.70255345643032,0.7302573936385517,3.657221307043184,3VRI,atom_shuffle,pocket2mol
14,277.4819285714285,29.95961219104406,0.7430466570005129,3.493069203710054,3VRI,coordinate_jitter,pocket2mol
12,306.2030833333334,25.367242168652417,0.8118238044346652,3.390829640694666,3VRI,crop_radius_plus_1.5,pocket2mol
15,311.1462,74.39686604707666,0.6549130859894915,3.025453248468344,3VRI,crop_radius_minus_1.5,pocket2mol
14,259.58635714285714,24.871278626466026,0.6868832098145882,3.3772566245721523,3VRJ,original,pocket2mol
12,250.29691666666668,20.208796778706436,0.7177119566393652,3.0305615612025263,3VRJ,atom_shuffle,pocket2mol
16,325.78881250000006,41.06192908007789,0.7101358662820194,3.8201230041816023,3VRJ,coordinate_jitter,pocket2mol
12,316.1385833333334,18.38388624338507,0.6751751584573942,3.949103890142545,3VRJ,crop_radius_plus_1.5,pocket2mol
12,221.42858333333334,56.97332219916374,0.738049503832586,2.91673185095949,3VRJ,crop_radius_minus_1.5,pocket2mol
12,182.37316666666666,42.0566489726126,0.5676946159060341,2.399728157011179,3WUW,original,pocket2mol
12,182.37316666666666,42.0566489726126,0.5676946159060341,2.399728157011179,3WUW,atom_shuffle,pocket2mol
13,191.61984615384614,43.89581636950795,0.648622781010157,1.95756531677337,3WUW,coordinate_jitter,pocket2mol
13,226.8586153846154,71.6976395551147,0.671894483821126,2.2855897125822633,3WUW,crop_radius_plus_1.5,pocket2mol
16,99.74181249999998,21.888027798372867,0.4788393183399471,2.3362236280474074,3WUW,crop_radius_minus_1.5,pocket2mol
14,286.1631428571429,20.522267442453657,0.6350639243904147,4.831121809642864,4HSJ,original,pocket2mol
14,286.1631428571429,20.522267442453657,0.6350639243904147,4.831121809642864,4HSJ,atom_shuffle,pocket2mol
12,285.4575,14.762923459915838,0.6077821156894403,3.427711951151784,4HSJ,coordinate_jitter,pocket2mol
14,304.8547142857143,53.29059005440775,0.6435015524467435,3.7224321914563703,4HSJ,crop_radius_plus_1.5,pocket2mol
12,319.94400000000013,57.81927251214202,0.6694011501212479,3.084433567547192,4HSJ,crop_radius_minus_1.5,pocket2mol
14,218.44314285714282,33.6183038916454,0.5546028608776185,3.7614469000558897,4HSL,original,pocket2mol
14,218.44314285714282,33.6183038916454,0.5546028608776185,3.7614469000558897,4HSL,atom_shuffle,pocket2mol
16,227.74081249999998,25.712387173351747,0.5697922169650717,3.0881482984824062,4HSL,coordinate_jitter,pocket2mol
13,238.3557692307692,26.231600772743388,0.6166049426049758,3.7985262232595653,4HSL,crop_radius_plus_1.5,pocket2mol
12,248.95191666666665,18.454637869915565,0.6590814594413807,3.47978161998131,4HSL,crop_radius_minus_1.5,pocket2mol
13,255.18815384615385,39.52550569684993,0.5857869274243327,3.8641463244036243,4HVR,original,pocket2mol
13,281.9196153846154,34.80120565006658,0.6719501302280384,3.8613921041362196,4HVR,atom_shuffle,pocket2mol
12,220.96533333333335,29.611369990634042,0.5111319756470974,3.754929454088805,4HVR,coordinate_jitter,pocket2mol
14,324.1350000000001,90.45139723788529,0.6791299261805411,3.838903643481917,4HVR,crop_radius_plus_1.5,pocket2mol
12,252.7001666666666,17.238826878267812,0.6948609735698726,3.4769418859772947,4HVR,crop_radius_minus_1.5,pocket2mol
16,258.52362500000004,30.306338936505938,0.775291159557508,3.451535566080987,4I3P,original,pocket2mol
16,258.52362500000004,30.306338936505938,0.775291159557508,3.451535566080987,4I3P,atom_shuffle,pocket2mol
14,237.31857142857143,32.181758104141366,0.5887938070909507,3.364479757677599,4I3P,coordinate_jitter,pocket2mol
14,351.0612857142858,37.63635717803537,0.421074129860011,4.102027941204019,4I3P,crop_radius_plus_1.5,pocket2mol
17,286.25535294117645,23.873796844192743,0.7448418507442097,3.4975651358053894,4I3P,crop_radius_minus_1.5,pocket2mol
13,272.77284615384616,16.405196239869834,0.682421130773408,2.5748472828558437,4R52,original,pocket2mol
13,272.77284615384616,16.405196239869834,0.682421130773408,2.5748472828558437,4R52,atom_shuffle,pocket2mol
15,218.36693333333332,15.667338520913143,0.6625377276596252,2.528652359537163,4R52,coordinate_jitter,pocket2mol
12,280.8533333333334,51.83363726116684,0.569221107998838,3.5763605796009834,4R52,crop_radius_plus_1.5,pocket2mol
12,239.11875,24.358555988690444,0.5222148587052001,3.838475342969986,4R52,crop_radius_minus_1.5,pocket2mol
13,308.08146153846155,62.11329546465307,0.5786746359648042,4.995326868944672,4RNQ,original,pocket2mol
13,308.08146153846155,62.11329546465307,0.5786746359648042,4.995326868944672,4RNQ,atom_shuffle,pocket2mol
15,313.3871333333334,17.074818956059914,0.7474141475316659,3.8587571125718743,4RNQ,coordinate_jitter,pocket2mol
12,400.08741666666674,79.40382952819756,0.31399281406688967,4.482550945939024,4RNQ,crop_radius_plus_1.5,pocket2mol
13,279.3463076923077,100.76843147563218,0.5151148781042962,4.016092848835113,4RNQ,crop_radius_minus_1.5,pocket2mol
12,332.1706666666667,31.365884017866023,0.5534032097709294,3.130860438574692,4UQ3,original,pocket2mol
17,344.8806470588236,32.62530285627506,0.5477226475630811,3.17819125121682,4UQ3,atom_shuffle,pocket2mol
15,340.96700000000004,49.51640279341789,0.6066829395718499,3.961030420317572,4UQ3,coordinate_jitter,pocket2mol
12,371.16316666666677,59.25639661087706,0.49528486247694303,3.76378135435626,4UQ3,crop_radius_plus_1.5,pocket2mol
14,309.75050000000005,48.8190893500103,0.5777919578218053,3.8868018390389696,4UQ3,crop_radius_minus_1.5,pocket2mol
16,203.23806249999996,27.621362089578316,0.5253978694703482,3.736732147915221,4WJ5,original,pocket2mol
16,203.23806249999996,27.621362089578316,0.5253978694703482,3.736732147915221,4WJ5,atom_shuffle,pocket2mol
12,206.8829166666666,11.279469169382732,0.6057746157374391,3.917860906241448,4WJ5,coordinate_jitter,pocket2mol
13,215.02707692307683,104.13104902179126,0.5500121488366244,3.5133191290306294,4WJ5,crop_radius_plus_1.5,pocket2mol
12,169.72858333333332,70.78709635879777,0.6157669206631792,3.2877931460536414,4WJ5,crop_radius_minus_1.5,pocket2mol
15,314.9752,28.659376844120928,0.7092626497711315,3.964063828796008,4WZC,original,pocket2mol
12,277.76000000000005,32.18337648279519,0.6054241326616374,4.115865740829357,4WZC,atom_shuffle,pocket2mol
13,299.7625384615385,33.26746542475071,0.6119517333392155,3.385233953054091,4WZC,coordinate_jitter,pocket2mol
12,342.50266666666676,67.24654666639444,0.5470272119808471,3.724591058270857,4WZC,crop_radius_plus_1.5,pocket2mol
14,225.1417142857143,97.74105920779266,0.6732549278381291,2.777538019854167,4WZC,crop_radius_minus_1.5,pocket2mol
16,339.31712500000003,38.052270482316516,0.6363442806248275,3.8732507968711505,5DHK,original,pocket2mol
16,339.31712500000003,38.052270482316516,0.6363442806248275,3.8732507968711505,5DHK,atom_shuffle,pocket2mol
12,322.1233333333334,10.838417791459344,0.7119885175995634,3.751172179893667,5DHK,coordinate_jitter,pocket2mol
18,394.70500000000015,44.23644108650702,0.5565920514426499,4.777318679415554,5DHK,crop_radius_plus_1.5,pocket2mol
12,330.30575000000005,77.72427014252051,0.684960312998839,3.1511060414142915,5DHK,crop_radius_minus_1.5,pocket2mol
15,297.20306666666676,23.940833320129503,0.6047028491816996,4.1835831258484335,5EAT,original,pocket2mol
15,297.20306666666676,23.940833320129503,0.6047028491816996,4.1835831258484335,5EAT,atom_shuffle,pocket2mol
14,323.06385714285716,42.65332958341028,0.6829358404116039,4.405174150345916,5EAT,coordinate_jitter,pocket2mol
12,357.6190000000001,83.86242863563328,0.5459813859079501,5.266399397295358,5EAT,crop_radius_plus_1.5,pocket2mol
13,288.2839230769231,63.44067109992982,0.5990641641552426,3.285574728749388,5EAT,crop_radius_minus_1.5,pocket2mol
15,367.7490666666668,50.590684261652676,0.6942863468872459,4.528849328948524,5IK0,original,pocket2mol
15,367.7490666666668,50.590684261652676,0.6942863468872459,4.528849328948524,5IK0,atom_shuffle,pocket2mol
13,314.8231538461539,87.42303517762724,0.591015776331963,3.375037384491279,5IK0,coordinate_jitter,pocket2mol
13,317.6776923076923,84.2061235644504,0.4781160653330033,3.9652663664960737,5IK0,crop_radius_plus_1.5,pocket2mol
15,313.4322666666667,89.02232665458457,0.6506783577622542,3.3269991307026396,5IK0,crop_radius_minus_1.5,pocket2mol
17,351.9840588235295,45.917570100536906,0.4575014698530667,4.451341035288727,5IK6,original,pocket2mol
15,343.18446666666676,40.365362990013594,0.5256511638301637,4.142656129544321,5IK6,atom_shuffle,pocket2mol
16,328.6871250000001,18.3690072468377,0.7799653562761442,3.464674307926093,5IK6,coordinate_jitter,pocket2mol
12,92.2983333333333,24.697773689590356,0.4601514674454408,2.3371915605464837,5IK6,crop_radius_plus_1.5,pocket2mol
12,367.73041666666677,79.4339841529413,0.5513895071605742,4.169056798091716,5IK6,crop_radius_minus_1.5,pocket2mol
13,316.52530769230776,73.99986524455989,0.25990719290736136,4.51648070897648,5IKA,original,pocket2mol
13,316.52530769230776,73.99986524455989,0.25990719290736136,4.51648070897648,5IKA,atom_shuffle,pocket2mol
13,262.32200000000006,90.03944000184676,0.37899705966052544,4.51101181274357,5IKA,coordinate_jitter,pocket2mol
12,366.23441666666685,124.35497546168554,0.37186012795251283,4.687357122949588,5IKA,crop_radius_plus_1.5,pocket2mol
12,322.25900000000007,96.81557085424507,0.3825549820475709,3.89597442631009,5IKA,crop_radius_minus_1.5,pocket2mol
16,304.1516875000001,39.68902360495716,0.4568643502829544,3.8166468682858956,5IL8,original,pocket2mol
16,304.1516875000001,39.68902360495716,0.4568643502829544,3.8166468682858956,5IL8,atom_shuffle,pocket2mol
12,281.2862500000001,65.15294570102597,0.5914947020586485,5.057134405760662,5IL8,coordinate_jitter,pocket2mol
13,349.2483076923078,49.02090028578021,0.6204325145644992,4.38396800459088,5IL8,crop_radius_plus_1.5,pocket2mol
15,316.4868666666668,67.80863345019004,0.7000622870967697,3.4981434479103646,5IL8,crop_radius_minus_1.5,pocket2mol
14,338.19042857142864,36.229199541085045,0.6085258133289683,3.920397141848827,5ILI,original,pocket2mol
14,338.19042857142864,36.229199541085045,0.6085258133289683,3.920397141848827,5ILI,atom_shuffle,pocket2mol
12,312.3942500000001,43.51209239419361,0.8431694051762361,3.6493222628510034,5ILI,coordinate_jitter,pocket2mol
14,372.75978571428584,44.15189745668373,0.5312355541135257,3.2591053207403395,5ILI,crop_radius_plus_1.5,pocket2mol
17,242.04811764705883,53.962960753467534,0.6416569670184245,2.7531020248288565,5ILI,crop_radius_minus_1.5,pocket2mol
13,271.79476923076925,67.73107050926748,0.48782105345401966,4.298606969364067,5ILY,original,pocket2mol
13,271.79476923076925,67.73107050926748,0.48782105345401966,4.298606969364067,5ILY,atom_shuffle,pocket2mol
13,328.65830769230774,25.881307476141114,0.44774300225439573,4.09706712777352,5ILY,coordinate_jitter,pocket2mol
17,342.7484117647059,89.41656274595351,0.3538366580141296,4.931136544940318,5ILY,crop_radius_plus_1.5,pocket2mol
13,319.84592307692316,93.21544807715543,0.6615983312404317,3.161100421805659,5ILY,crop_radius_minus_1.5,pocket2mol
14,280.9187142857143,33.10466363871796,0.7565370906193204,4.048677489614264,5ILZ,original,pocket2mol
14,280.9187142857143,33.10466363871796,0.7565370906193204,4.048677489614264,5ILZ,atom_shuffle,pocket2mol
13,255.04576923076925,53.97096844836527,0.677987986052091,3.2219618770684093,5ILZ,coordinate_jitter,pocket2mol
12,281.63050000000004,43.558143898893,0.7590176355436103,2.4397352390944445,5ILZ,crop_radius_plus_1.5,pocket2mol
15,282.0716666666668,94.89550701388467,0.6622741454289792,4.333450263795312,5ILZ,crop_radius_minus_1.5,pocket2mol
14,271.08085714285716,71.32628895721528,0.6718896312953782,3.3934831320320655,5JHD,original,pocket2mol
14,271.08085714285716,71.32628895721528,0.6718896312953782,3.3934831320320655,5JHD,atom_shuffle,pocket2mol
12,254.08566666666664,67.7594798919105,0.5808892135510192,2.4071201244341243,5JHD,coordinate_jitter,pocket2mol
13,516.0998461538464,21.796596879210153,0.3881910821475098,4.739993121105384,5JHD,crop_radius_plus_1.5,pocket2mol
13,146.17084615384618,36.96745664010266,0.5054516501000993,3.36773990582407,5JHD,crop_radius_minus_1.5,pocket2mol
0,,,,,5T70,original,pocket2mol
0,,,,,5T70,atom_shuffle,pocket2mol
13,186.7440769230769,39.13990711333174,0.6294597615116976,2.7049689929691305,5T70,coordinate_jitter,pocket2mol
12,186.35799999999998,79.22157165507384,0.5789586132092631,2.017403108025021,5T70,crop_radius_plus_1.5,pocket2mol
14,109.90557142857142,16.99700380199103,0.5305696851822792,1.4728013191754006,5T70,crop_radius_minus_1.5,pocket2mol
17,347.87182352941187,26.133959068918703,0.6917122587239164,3.2175536172574404,5U98,original,pocket2mol
17,347.87182352941187,26.133959068918703,0.6917122587239164,3.2175536172574404,5U98,atom_shuffle,pocket2mol
14,345.4797857142858,17.43100471318924,0.7672942513361395,4.059503518425787,5U98,coordinate_jitter,pocket2mol
14,327.2155714285715,28.06571166467905,0.6600903261902088,3.582431519292323,5U98,crop_radius_plus_1.5,pocket2mol
14,188.03771428571423,37.270137121577974,0.6560423467849228,1.9669714143875814,5U98,crop_radius_minus_1.5,pocket2mol
