pocket_id,model_name,n_total_original,n_total_inv_mean,n_total_inv_std,n_total_mean_delta,n_valid_original,n_valid_inv_mean,n_valid_inv_std,n_valid_mean_delta,validity_original,validity_inv_mean,validity_inv_std,validity_mean_delta,n_unique_valid_original,n_unique_valid_inv_mean,n_unique_valid_inv_std,n_unique_valid_mean_delta,uniqueness_original,uniqueness_inv_mean,uniqueness_inv_std,uniqueness_mean_delta,mean_qed_original,mean_qed_inv_mean,mean_qed_inv_std,mean_qed_mean_delta,std_qed_original,std_qed_inv_mean,std_qed_inv_std,std_qed_mean_delta,mean_sa_original,mean_sa_inv_mean,mean_sa_inv_std,mean_sa_mean_delta,std_sa_original,std_sa_inv_mean,std_sa_inv_std,std_sa_mean_delta
1AO7,pocket2mol,20.0,9.0,9.1104335791443,-11.0,20.0,9.0,9.1104335791443,-11.0,1.0,0.5,0.5,-0.5,20.0,9.0,9.1104335791443,-11.0,1.0,0.5,0.5,-0.5,0.45670530917798324,0.44575773394350726,0.010947575234476009,-0.010947575234475981,0.04492117397457928,0.04802470423474522,0.0031035302601659376,0.0031035302601659376,2.5119190851929547,2.5501652067633325,0.038246121570377545,0.03824612157037777,0.6655860032732973,0.6956101845060239,0.030024181232726488,0.030024181232726543
1B0R,pocket2mol,0.0,7.5,7.632168761236874,7.5,0.0,7.5,7.632168761236874,7.5,0.0,0.5,0.5,0.5,0.0,7.5,7.632168761236874,7.5,0.0,0.5,0.5,0.5,,0.45599412407563933,0.03205138240088842,,,0.05714247556775269,0.012435812631789975,,,2.1396474515014727,0.0747317407967123,,,0.7170028706445848,0.10376007400657378,
1DIZ,pocket2mol,0.0,0.0,0.0,0.0,0.0,0.0,0.0,0.0,0.0,0.0,0.0,0.0,0.0,0.0,0.0,0.0,0.0,0.0,0.0,0.0,,,,,,,,,,,,,,,,
1HXC,pocket2mol,20.0,12.5,7.533259586659682,-7.5,20.0,12.5,7.533259586659682,-7.5,1.0,0.75,0.4330127018922193,-0.25,20.0,12.5,7.533259586659682,-7.5,1.0,0.75,0.4330127018922193,-0.25,0.4760828966130067,0.4397734291941153,0.025746392591814986,-0.036309467418891406,0.09323763866524123,0.08227145083151113,0.0157621895820478,-0.010966187833730101,2.646672951609502,2.7601590230735815,0.23687294539585912,0.11348607146407952,1.0252377916333344,1.0505210385616655,0.040832200034326756,0.02528324692833106
1I4F,pocket2mol,0.0,3.0,5.196152422706632,3.0,0.0,3.0,5.196152422706632,3.0,0.0,0.25,0.4330127018922193,0.25,0.0,3.0,5.196152422706632,3.0,0.0,0.25,0.4330127018922193,0.25,,0.4171981498695559,0.0,,,0.08098605089474807,0.0,,,2.4401370226874546,0.0,,,0.6924148065387525,0.0,
1JF1,pocket2mol,0.0,7.0,7.14142842854285,7.0,0.0,7.0,7.14142842854285,7.0,0.0,0.5,0.5,0.5,0.0,7.0,7.14142842854285,7.0,0.0,0.5,0.5,0.5,,0.46124218691537133,0.039352723967410935,,,0.05843393229252125,0.007123004170730144,,,2.356694370230752,0.29507275202258065,,,0.6692604042312743,0.1702986334964802,
1PVS,pocket2mol,14.0,11.0,6.442049363362563,-3.0,14.0,11.0,6.442049363362563,-3.0,1.0,0.75,0.4330127018922193,-0.25,14.0,11.0,6.442049363362563,-3.0,1.0,0.75,0.4330127018922193,-0.25,0.448904963010993,0.4556652314796494,0.023989633520632752,0.006760268468656405,0.05059343585505139,0.04873091554201653,0.011106481454401655,-0.0018625203130348614,1.9158206077585267,2.1103285223564106,0.1911056648378759,0.19450791459788386,0.6431395668526128,0.6403316079378859,0.10862505127091207,-0.002807958914726849
1YFW,pocket2mol,0.0,0.0,0.0,0.0,0.0,0.0,0.0,0.0,0.0,0.0,0.0,0.0,0.0,0.0,0.0,0.0,0.0,0.0,0.0,0.0,,,,,,,,,,,,,,,,
1YFY,pocket2mol,0.0,3.0,5.196152422706632,3.0,0.0,3.0,5.196152422706632,3.0,0.0,0.25,0.4330127018922193,0.25,0.0,3.0,5.196152422706632,3.0,0.0,0.25,0.4330127018922193,0.25,,0.4537360264505567,0.0,,,0.07113799645395898,0.0,,,1.9271127447708334,0.0,,,0.6091728250290219,0.0,
2AV1,pocket2mol,0.0,3.75,6.49519052838329,3.75,0.0,3.75,6.49519052838329,3.75,0.0,0.25,0.4330127018922193,0.25,0.0,3.75,6.49519052838329,3.75,0.0,0.25,0.4330127018922193,0.25,,0.5126957459489399,0.0,,,0.05792248210579955,0.0,,,1.7605791165649984,0.0,,,0.8767338715100536,0.0,
2GJ6,pocket2mol,0.0,3.5,6.06217782649107,3.5,0.0,3.5,6.06217782649107,3.5,0.0,0.25,0.4330127018922193,0.25,0.0,3.5,6.06217782649107,3.5,0.0,0.25,0.4330127018922193,0.25,,0.5196758752821425,0.0,,,0.056790542461802394,0.0,,,2.307012371057625,0.0,,,0.8424264441479749,0.0,
2P5E,pocket2mol,0.0,3.25,5.629165124598851,3.25,0.0,3.25,5.629165124598851,3.25,0.0,0.25,0.4330127018922193,0.25,0.0,3.25,5.629165124598851,3.25,0.0,0.25,0.4330127018922193,0.25,,0.5587090016743161,0.0,,,0.1255366571959707,0.0,,,1.4877686778414179,0.0,,,0.5368924431301992,0.0,
2P5W,pocket2mol,0.0,3.0,5.196152422706632,3.0,0.0,3.0,5.196152422706632,3.0,0.0,0.25,0.4330127018922193,0.25,0.0,3.0,5.196152422706632,3.0,0.0,0.25,0.4330127018922193,0.25,,0.5375946421793779,0.0,,,0.08360795210653146,0.0,,,2.0573043392719583,0.0,,,1.0339943699626324,0.0,
2PYE,pocket2mol,12.0,12.0,7.3484692283495345,0.0,12.0,12.0,7.3484692283495345,0.0,1.0,0.75,0.4330127018922193,-0.25,12.0,12.0,7.3484692283495345,0.0,1.0,0.75,0.4330127018922193,-0.25,0.38902863239465707,0.444370278885645,0.011952875271259291,0.05534164649098794,0.08800435925190755,0.0733083377730787,0.012835073674901996,-0.014696021478828855,2.3648867633895714,2.16557226891257,0.06611289121583161,-0.19931449447700134,0.663851303954553,0.5575719106926788,0.014670629036209437,-0.1062793932618743
2X4N,pocket2mol,0.0,0.0,0.0,0.0,0.0,0.0,0.0,0.0,0.0,0.0,0.0,0.0,0.0,0.0,0.0,0.0,0.0,0.0,0.0,0.0,,,,,,,,,,,,,,,,
2X4O,pocket2mol,0.0,0.0,0.0,0.0,0.0,0.0,0.0,0.0,0.0,0.0,0.0,0.0,0.0,0.0,0.0,0.0,0.0,0.0,0.0,0.0,,,,,,,,,,,,,,,,
2X4Q,pocket2mol,0.0,6.5,6.5383484153110105,6.5,0.0,6.5,6.5383484153110105,6.5,0.0,0.5,0.5,0.5,0.0,6.5,6.5383484153110105,6.5,0.0,0.5,0.5,0.5,,0.47432862490017524,0.024685592087603625,,,0.08692677352872391,0.023124900218526943,,,2.2014157887985215,0.0709849300183818,,,0.5928849089767403,0.09912448867401197,
2X4S,pocket2mol,14.0,6.75,6.7592529172978875,-7.25,14.0,6.75,6.7592529172978875,-7.25,1.0,0.5,0.5,-0.5,14.0,6.75,6.7592529172978875,-7.25,1.0,0.5,0.5,-0.5,0.502112578463209,0.5010938887843511,0.0010186896788578759,-0.0010186896788578759,0.05854971072720359,0.062072564140369754,0.003522853413166164,0.0035228534131661673,2.5284217974077388,2.3426047490362283,0.18581704837151025,-0.18581704837151047,0.5389401855782581,0.6406529547895812,0.1017127692113231,0.1017127692113231
2X4T,pocket2mol,0.0,0.0,0.0,0.0,0.0,0.0,0.0,0.0,0.0,0.0,0.0,0.0,0.0,0.0,0.0,0.0,0.0,0.0,0.0,0.0,,,,,,,,,,,,,,,,
3CWA,pocket2mol,0.0,0.0,0.0,0.0,0.0,0.0,0.0,0.0,0.0,0.0,0.0,0.0,0.0,0.0,0.0,0.0,0.0,0.0,0.0,0.0,,,,,,,,,,,,,,,,
3LZ9,pocket2mol,0.0,0.0,0.0,0.0,0.0,0.0,0.0,0.0,0.0,0.0,0.0,0.0,0.0,0.0,0.0,0.0,0.0,0.0,0.0,0.0,,,,,,,,,,,,,,,,
3M00,pocket2mol,0.0,0.0,0.0,0.0,0.0,0.0,0.0,0.0,0.0,0.0,0.0,0.0,0.0,0.0,0.0,0.0,0.0,0.0,0.0,0.0,,,,,,,,,,,,,,,,
3UPR,pocket2mol,0.0,4.5,7.794228634059948,4.5,0.0,4.5,7.794228634059948,4.5,0.0,0.25,0.4330127018922193,0.25,0.0,4.5,7.794228634059948,4.5,0.0,0.25,0.4330127018922193,0.25,,0.3917179109753145,0.0,,,0.06444206854366644,0.0,,,2.8382761118242947,0.0,,,1.0609475817474876,0.0,
3VRI,pocket2mol,14.0,11.0,6.670832032063167,-3.0,14.0,11.0,6.670832032063167,-3.0,1.0,0.75,0.4330127018922193,-0.25,14.0,11.0,6.670832032063167,-3.0,1.0,0.75,0.4330127018922193,-0.25,0.544343655198911,0.4351165272453686,0.033794995928214534,-0.10922712795354245,0.08809284891029233,0.04916574845747848,0.006806185924158173,-0.03892710045281385,2.4174329697448504,2.9679950675760716,0.5713131021206477,0.5505620978312211,0.6577253292170295,1.0467583391647641,0.0709812505427212,0.3890330099477346
3VRJ,pocket2mol,0.0,3.5,6.06217782649107,3.5,0.0,3.5,6.06217782649107,3.5,0.0,0.25,0.4330127018922193,0.25,0.0,3.5,6.06217782649107,3.5,0.0,0.25,0.4330127018922193,0.25,,0.37328060296692617,0.0,,,0.06667437216484523,0.0,,,3.3884889673071106,0.0,,,1.263026795084652,0.0,
3WUW,pocket2mol,0.0,4.5,7.794228634059948,4.5,0.0,4.5,7.794228634059948,4.5,0.0,0.25,0.4330127018922193,0.25,0.0,4.5,7.794228634059948,4.5,0.0,0.25,0.4330127018922193,0.25,,0.4298281653530728,0.0,,,0.089962378505191,0.0,,,2.6539206517074962,0.0,,,0.7601030059588005,0.0,
4HSJ,pocket2mol,12.0,10.25,6.015604707757983,-1.75,12.0,10.25,6.015604707757983,-1.75,1.0,0.75,0.4330127018922193,-0.25,12.0,10.25,6.015604707757983,-1.75,1.0,0.75,0.4330127018922193,-0.25,0.48220536923794294,0.4593466755196343,0.04751491544036539,-0.02285869371830862,0.06978827226981024,0.070795698806434,0.007005373761287637,0.0010074265366237511,2.041628151330982,2.5120223894933753,0.33366449870372794,0.4703942381623931,0.8504230986387272,0.9508658190518302,0.09442575658946166,0.10044272041310298
4HSL,pocket2mol,0.0,5.0,8.660254037844387,5.0,0.0,5.0,8.660254037844387,5.0,0.0,0.25,0.4330127018922193,0.25,0.0,5.0,8.660254037844387,5.0,0.0,0.25,0.4330127018922193,0.25,,0.47446036949002146,0.0,,,0.04261422936046753,0.0,,,2.3822034788651885,0.0,,,0.6093671448024807,0.0,
4HVR,pocket2mol,15.0,14.75,2.165063509461097,-0.25,15.0,14.75,2.165063509461097,-0.25,1.0,1.0,0.0,0.0,15.0,14.75,2.165063509461097,-0.25,1.0,1.0,0.0,0.0,0.5094867692149719,0.465754837522235,0.0650047421632584,-0.043731931692736925,0.10083676128132699,0.08832134508562224,0.014249491679893658,-0.012515416195704746,2.43988835903455,2.3698931534159366,0.5775434513798132,-0.06999520561861328,1.064287262121165,0.9187287546538456,0.3264220929503172,-0.14555850746731935
4I3P,pocket2mol,0.0,3.5,6.06217782649107,3.5,0.0,3.5,6.06217782649107,3.5,0.0,0.25,0.4330127018922193,0.25,0.0,3.5,6.06217782649107,3.5,0.0,0.25,0.4330127018922193,0.25,,0.5650059365682781,0.0,,,0.06836372054950615,0.0,,,1.3876274048477621,0.0,,,0.31686281425084234,0.0,
4R52,pocket2mol,15.0,15.0,3.082207001484488,0.0,15.0,15.0,3.082207001484488,0.0,1.0,1.0,0.0,0.0,15.0,15.0,3.082207001484488,0.0,1.0,1.0,0.0,0.0,0.406652885714215,0.45535407731520083,0.07470113932179481,0.04870119160098585,0.0727744652486089,0.08062937004974954,0.01511026604984643,0.00785490480114065,2.205087040042597,2.231430225151848,0.06913950976906623,0.026343185109250822,0.48523532942660047,0.6712523574624464,0.21739637504426204,0.1860170280358459
4RNQ,pocket2mol,0.0,0.0,0.0,0.0,0.0,0.0,0.0,0.0,0.0,0.0,0.0,0.0,0.0,0.0,0.0,0.0,0.0,0.0,0.0,0.0,,,,,,,,,,,,,,,,
4UQ3,pocket2mol,13.0,6.5,6.5383484153110105,-6.5,13.0,6.5,6.5383484153110105,-6.5,1.0,0.5,0.5,-0.5,13.0,6.5,6.5383484153110105,-6.5,1.0,0.5,0.5,-0.5,0.41309768941887726,0.45754049024815996,0.06376973064714503,0.0444428008292827,0.0621492008365276,0.07323527997582639,0.0076992490566865635,0.011086079139298793,2.1186318658049568,2.2189697178017247,0.001202866026790872,0.10033785199676792,0.3812470946588364,0.7650347197701985,0.19272485063988026,0.38378762511136216
4WJ5,pocket2mol,0.0,4.5,7.794228634059948,4.5,0.0,4.5,7.794228634059948,4.5,0.0,0.25,0.4330127018922193,0.25,0.0,4.5,7.794228634059948,4.5,0.0,0.25,0.4330127018922193,0.25,,0.4238353700244059,0.0,,,0.032052980757456516,0.0,,,2.486008896628885,0.0,,,1.1497592021526,0.0,
4WZC,pocket2mol,13.0,9.75,5.673402858955108,-3.25,13.0,9.75,5.673402858955108,-3.25,1.0,0.75,0.4330127018922193,-0.25,13.0,9.75,5.673402858955108,-3.25,1.0,0.75,0.4330127018922193,-0.25,0.422619575929506,0.41658738088420594,0.04085641711436704,-0.0060321950453000595,0.0695376942319763,0.05717669373693094,0.024068432978685796,-0.012361000495045356,2.3458821801214076,2.7179814950716907,0.3696765957059215,0.37209931495028314,0.4790206655004951,0.5562120191587366,0.057322719849397324,0.07719135365824153
5DHK,pocket2mol,0.0,0.0,0.0,0.0,0.0,0.0,0.0,0.0,0.0,0.0,0.0,0.0,0.0,0.0,0.0,0.0,0.0,0.0,0.0,0.0,,,,,,,,,,,,,,,,
5EAT,pocket2mol,0.0,0.0,0.0,0.0,0.0,0.0,0.0,0.0,0.0,0.0,0.0,0.0,0.0,0.0,0.0,0.0,0.0,0.0,0.0,0.0,,,,,,,,,,,,,,,,
5IK0,pocket2mol,13.0,7.25,7.46240577829965,-5.75,13.0,7.25,7.46240577829965,-5.75,1.0,0.5,0.5,-0.5,13.0,7.25,7.46240577829965,-5.75,1.0,0.5,0.5,-0.5,0.4750570226024236,0.4400682797906871,0.039547374391444706,-0.03498874281173653,0.09428167398476467,0.08436098237236123,0.002605844201001177,-0.009920691612403443,2.9623938885381307,2.910790008039792,0.10677586166805542,-0.05160388049833875,0.9529895393194053,1.1540235777196732,0.256638549200481,0.2010340384002679
5IK6,pocket2mol,0.0,0.0,0.0,0.0,0.0,0.0,0.0,0.0,0.0,0.0,0.0,0.0,0.0,0.0,0.0,0.0,0.0,0.0,0.0,0.0,,,,,,,,,,,,,,,,
5IKA,pocket2mol,0.0,0.0,0.0,0.0,0.0,0.0,0.0,0.0,0.0,0.0,0.0,0.0,0.0,0.0,0.0,0.0,0.0,0.0,0.0,0.0,,,,,,,,,,,,,,,,
5IL8,pocket2mol,14.0,9.5,5.545268253204709,-4.5,14.0,9.5,5.545268253204709,-4.5,1.0,0.75,0.4330127018922193,-0.25,14.0,9.5,5.545268253204709,-4.5,1.0,0.75,0.4330127018922193,-0.25,0.4062619828991883,0.39457038448810083,0.027187438168437397,-0.011691598411087467,0.09785872842405628,0.08359835643317703,0.011119439311475575,-0.014260371990879248,2.802491954643337,2.663158969078158,0.11633778311719827,-0.13933298556517926,1.076048641127557,0.7901404988991046,0.3056414960947857,-0.2859081422284523
5ILI,pocket2mol,0.0,3.5,6.06217782649107,3.5,0.0,3.5,6.06217782649107,3.5,0.0,0.25,0.4330127018922193,0.25,0.0,3.5,6.06217782649107,3.5,0.0,0.25,0.4330127018922193,0.25,,0.4364073179931287,0.0,,,0.05675323334879905,0.0,,,2.628626959106344,0.0,,,1.0266790514567194,0.0,
5ILY,pocket2mol,0.0,0.0,0.0,0.0,0.0,0.0,0.0,0.0,0.0,0.0,0.0,0.0,0.0,0.0,0.0,0.0,0.0,0.0,0.0,0.0,,,,,,,,,,,,,,,,
5ILZ,pocket2mol,0.0,0.0,0.0,0.0,0.0,0.0,0.0,0.0,0.0,0.0,0.0,0.0,0.0,0.0,0.0,0.0,0.0,0.0,0.0,0.0,,,,,,,,,,,,,,,,
5JHD,pocket2mol,0.0,3.75,6.49519052838329,3.75,0.0,3.75,6.49519052838329,3.75,0.0,0.25,0.4330127018922193,0.25,0.0,3.75,6.49519052838329,3.75,0.0,0.25,0.4330127018922193,0.25,,0.4362250328349261,0.0,,,0.05644517991905081,0.0,,,1.9778735833139371,0.0,,,0.6652872746859646,0.0,
5T70,pocket2mol,0.0,0.0,0.0,0.0,0.0,0.0,0.0,0.0,0.0,0.0,0.0,0.0,0.0,0.0,0.0,0.0,0.0,0.0,0.0,0.0,,,,,,,,,,,,,,,,
5U98,pocket2mol,0.0,3.25,5.629165124598851,3.25,0.0,3.25,5.629165124598851,3.25,0.0,0.25,0.4330127018922193,0.25,0.0,3.25,5.629165124598851,3.25,0.0,0.25,0.4330127018922193,0.25,,0.39932128049929605,0.0,,,0.042994215770501304,0.0,,,3.113256452117036,0.0,,,1.503170905996423,0.0,
