pocket_id,model_name,n_total_original,n_total_inv_mean,n_total_inv_std,n_total_mean_delta,n_valid_original,n_valid_inv_mean,n_valid_inv_std,n_valid_mean_delta,validity_original,validity_inv_mean,validity_inv_std,validity_mean_delta,n_unique_valid_original,n_unique_valid_inv_mean,n_unique_valid_inv_std,n_unique_valid_mean_delta,uniqueness_original,uniqueness_inv_mean,uniqueness_inv_std,uniqueness_mean_delta,mean_qed_original,mean_qed_inv_mean,mean_qed_inv_std,mean_qed_mean_delta,std_qed_original,std_qed_inv_mean,std_qed_inv_std,std_qed_mean_delta
2GJ6,diffsbdd,20.0,20.0,0.0,0.0,18.0,16.0,0.0,-2.0,0.9,0.8,0.0,-0.09999999999999998,18.0,16.0,0.0,-2.0,1.0,1.0,0.0,0.0,0.44214299473085705,0.5530886916999256,0.029728601141852884,0.11094569696906853,0.08898534769963425,0.13270180311232282,0.009659688613481356,0.04371645541268858
4UQ3,diffsbdd,20.0,20.0,0.0,0.0,20.0,18.0,1.0,-2.0,1.0,0.8999999999999999,0.04999999999999999,-0.10000000000000009,20.0,18.0,1.0,-2.0,1.0,1.0,0.0,0.0,0.48116767919856873,0.4752537786325287,0.0008252830305248426,-0.00591390056604002,0.10390298644075203,0.1048266777886925,0.011703945940774452,0.0009236913479404585
1B0R,diffsbdd,20.0,20.0,0.0,0.0,17.0,18.5,0.5,1.5,0.85,0.925,0.024999999999999967,0.07500000000000007,17.0,18.5,0.5,1.5,1.0,1.0,0.0,0.0,0.589965663287723,0.5962560985722072,0.0078577141428543,0.006290435284484142,0.15180045879931,0.14535315898809698,0.01664359421614768,-0.006447299811213031
2X4N,diffsbdd,20.0,20.0,0.0,0.0,18.0,18.5,0.5,0.5,0.9,0.925,0.024999999999999967,0.025000000000000022,18.0,18.5,0.5,0.5,1.0,1.0,0.0,0.0,0.4013714498140038,0.5058281504025501,0.01094358164695508,0.10445670058854634,0.17493387114432773,0.17206099420812637,0.04214675302841901,-0.002872876936201363
1JF1,diffsbdd,20.0,20.0,0.0,0.0,18.0,19.0,0.0,1.0,0.9,0.95,0.0,0.04999999999999993,18.0,18.5,0.5,0.5,1.0,0.9736842105263157,0.026315789473684237,-0.026315789473684292,0.42300004864804375,0.463966768734646,0.03755547048542923,0.04096672008660224,0.13875342038676608,0.12876250095501884,0.015658881730017442,-0.009990919431747236
5JHD,diffsbdd,20.0,20.0,0.0,0.0,19.0,19.5,0.5,0.5,0.95,0.975,0.025000000000000022,0.025000000000000022,19.0,19.5,0.5,0.5,1.0,1.0,0.0,0.0,0.45663334495016766,0.46141458310613603,0.006709565690492164,0.00478123815596837,0.08938628828779265,0.13569184543525892,0.0019108413453668566,0.04630555714746627
2P5E,diffsbdd,20.0,20.0,0.0,0.0,18.0,19.5,0.5,1.5,0.9,0.975,0.025000000000000022,0.07499999999999996,18.0,19.5,0.5,1.5,1.0,1.0,0.0,0.0,0.4651541324048501,0.45243626160171213,0.012399476400293569,-0.012717870803137965,0.15068027419240457,0.12269419961058961,0.023725641737348035,-0.027986074581814957
2X4Q,diffsbdd,19.0,20.0,0.0,1.0,18.0,19.0,0.0,1.0,0.9473684210526315,0.95,0.0,0.0026315789473684292,18.0,19.0,0.0,1.0,1.0,1.0,0.0,0.0,0.47252538492440826,0.465241031425617,0.01098173444915937,-0.007284353498791252,0.11216335016332205,0.1210849954697995,0.015070885311608884,0.00892164530647746
2X4S,diffsbdd,20.0,20.0,0.0,0.0,18.0,17.0,1.0,-1.0,0.9,0.8500000000000001,0.04999999999999999,-0.04999999999999993,18.0,17.0,1.0,-1.0,1.0,1.0,0.0,0.0,0.5272484687851227,0.525415555491384,0.006282299747202902,-0.0018329132937386916,0.12088381968511568,0.12515842664470678,0.010781968396470637,0.004274606959591101
1AO7,diffsbdd,20.0,20.0,0.0,0.0,18.0,18.5,0.5,0.5,0.9,0.925,0.024999999999999967,0.025000000000000022,18.0,18.5,0.5,0.5,1.0,1.0,0.0,0.0,0.45278988806375753,0.47348940296695585,0.010095154529065231,0.020699514903198324,0.1311382010574844,0.14048308851572977,0.027564699403017603,0.009344887458245382
2X4T,diffsbdd,20.0,20.0,0.0,0.0,14.0,17.0,0.0,3.0,0.7,0.85,0.0,0.15000000000000002,14.0,17.0,0.0,3.0,1.0,1.0,0.0,0.0,0.47614510570161944,0.5663975684444855,0.03770429012002008,0.09025246274286608,0.11907431325379277,0.11701858149563465,0.016940984670700217,-0.002055731758158111
2P5W,diffsbdd,20.0,20.0,0.0,0.0,20.0,17.5,0.5,-2.5,1.0,0.875,0.025000000000000022,-0.125,20.0,17.5,0.5,-2.5,1.0,1.0,0.0,0.0,0.4653048036775009,0.5056694735094309,0.019677922557022276,0.040364669831930045,0.13196131963190572,0.09567654388943958,0.00614715514110243,-0.036284775742466135
2PYE,diffsbdd,20.0,20.0,0.0,0.0,19.0,18.5,1.5,-0.5,0.95,0.925,0.07500000000000001,-0.02499999999999991,19.0,17.5,0.5,-1.5,1.0,0.95,0.04999999999999999,-0.050000000000000044,0.47430611960679125,0.43892607902327296,0.021986978143590102,-0.03538004058351829,0.10105340394885481,0.12141890165666577,0.005756079779721139,0.02036549770781096
1I4F,diffsbdd,20.0,20.0,0.0,0.0,20.0,17.0,1.0,-3.0,1.0,0.8500000000000001,0.04999999999999999,-0.1499999999999999,20.0,17.0,1.0,-3.0,1.0,1.0,0.0,0.0,0.46197593150872895,0.4846286740912381,7.917940136967228e-05,0.022652742582509156,0.12925634329543573,0.14843453961725903,0.004525830693189237,0.0191781963218233
2AV1,diffsbdd,20.0,20.0,0.0,0.0,20.0,18.5,0.5,-1.5,1.0,0.925,0.024999999999999967,-0.07499999999999996,20.0,18.5,0.5,-1.5,1.0,1.0,0.0,0.0,0.46434562563778065,0.4151130319418219,0.0042491539596681005,-0.049232593695958726,0.1676243139691148,0.1481768339327909,0.01975730219260957,-0.019447480036323905
4WJ5,diffsbdd,20.0,20.0,0.0,0.0,17.0,17.5,1.5,0.5,0.85,0.875,0.07499999999999996,0.025000000000000022,17.0,17.5,1.5,0.5,1.0,1.0,0.0,0.0,0.5024578775502806,0.5632864165347418,0.021025679246831463,0.06082853898446117,0.1462581674184552,0.1418963739910161,0.00941636102085508,-0.004361793427439115
2X4O,diffsbdd,20.0,19.5,0.5,-0.5,19.0,15.5,2.5,-3.5,0.95,0.7921052631578948,0.10789473684210527,-0.1578947368421052,19.0,15.5,2.5,-3.5,1.0,1.0,0.0,0.0,0.5088228313194357,0.48742126244578554,0.01362117986666564,-0.02140156887365019,0.11882143017142117,0.14623900517527483,0.008003756888613156,0.027417575003853653
5U98,diffsbdd,20.0,20.0,0.0,0.0,17.0,14.5,2.5,-2.5,0.85,0.725,0.125,-0.125,17.0,14.5,2.5,-2.5,1.0,1.0,0.0,0.0,0.4689742625409634,0.4962538876434117,0.03595188544308117,0.0272796251024483,0.09448854326816597,0.10250677113070346,0.0327389133912009,0.008018227862537489
3VRI,diffsbdd,20.0,20.0,0.0,0.0,16.0,15.0,1.0,-1.0,0.8,0.75,0.050000000000000044,-0.050000000000000044,16.0,15.0,1.0,-1.0,1.0,1.0,0.0,0.0,0.5739051024836206,0.5127582964917052,0.006268384419514994,-0.061146805991915354,0.11611602682894437,0.12730744459621837,0.007477662398629688,0.011191417767274003
3UPR,diffsbdd,20.0,20.0,0.0,0.0,15.0,13.5,0.5,-1.5,0.75,0.675,0.024999999999999967,-0.07499999999999996,15.0,13.5,0.5,-1.5,1.0,1.0,0.0,0.0,0.4829906669953129,0.555079839360328,0.002607607644050325,0.07208917236501511,0.1903425599819227,0.133513724290202,0.0367615771405975,-0.0568288356917207
