threshold,pocket_id,original_mean_qed,shuffle_mean_qed,qed_delta,passed_qed_filter,original_mean_sa,shuffle_mean_sa,sa_delta,passed_sa_filter,original_mean_vina,shuffle_mean_vina,vina_delta,passed_vina_filter,passed_combined
0.05,1AO7,0.4722300157286502,0.5026496388394325,0.03041962311078228,True,4.425870160559559,4.488859902741199,0.06298974218163966,False,,,,True,False
0.1,1AO7,0.4722300157286502,0.5026496388394325,0.03041962311078228,True,4.425870160559559,4.488859902741199,0.06298974218163966,True,,,,True,True
0.15,1AO7,0.4722300157286502,0.5026496388394325,0.03041962311078228,True,4.425870160559559,4.488859902741199,0.06298974218163966,True,,,,True,True
0.05,1B0R,0.5886671640665974,0.6221796440559848,0.033512479989387445,True,3.6299208305278463,4.369244676117761,0.7393238455899147,False,,,,True,False
0.1,1B0R,0.5886671640665974,0.6221796440559848,0.033512479989387445,True,3.6299208305278463,4.369244676117761,0.7393238455899147,False,,,,True,False
0.15,1B0R,0.5886671640665974,0.6221796440559848,0.033512479989387445,True,3.6299208305278463,4.369244676117761,0.7393238455899147,False,,,,True,False
0.05,1DIZ,0.4445303162022506,0.4735388696253909,0.029008553423140293,True,4.0914606720229525,4.223942233939603,0.1324815619166504,False,,,,True,False
0.1,1DIZ,0.4445303162022506,0.4735388696253909,0.029008553423140293,True,4.0914606720229525,4.223942233939603,0.1324815619166504,False,,,,True,False
0.15,1DIZ,0.4445303162022506,0.4735388696253909,0.029008553423140293,True,4.0914606720229525,4.223942233939603,0.1324815619166504,True,,,,True,True
0.05,1HXC,0.5231739536813259,0.4778217221501797,0.0453522315311462,True,4.143718834499447,4.765343150609085,0.6216243161096378,False,,,,True,False
0.1,1HXC,0.5231739536813259,0.4778217221501797,0.0453522315311462,True,4.143718834499447,4.765343150609085,0.6216243161096378,False,,,,True,False
0.15,1HXC,0.5231739536813259,0.4778217221501797,0.0453522315311462,True,4.143718834499447,4.765343150609085,0.6216243161096378,False,,,,True,False
0.05,1I4F,0.5280523290489642,0.4997332163749621,0.028319112674002056,True,4.272193674519331,4.232424744087347,0.039768930431983485,True,,,,True,True
0.1,1I4F,0.5280523290489642,0.4997332163749621,0.028319112674002056,True,4.272193674519331,4.232424744087347,0.039768930431983485,True,,,,True,True
0.15,1I4F,0.5280523290489642,0.4997332163749621,0.028319112674002056,True,4.272193674519331,4.232424744087347,0.039768930431983485,True,,,,True,True
0.05,1JF1,0.4650925510354226,0.4889183949175281,0.023825843882105513,True,3.726741171164133,4.262360785933234,0.535619614769101,False,,,,True,False
0.1,1JF1,0.4650925510354226,0.4889183949175281,0.023825843882105513,True,3.726741171164133,4.262360785933234,0.535619614769101,False,,,,True,False
0.15,1JF1,0.4650925510354226,0.4889183949175281,0.023825843882105513,True,3.726741171164133,4.262360785933234,0.535619614769101,False,,,,True,False
0.05,1PVS,0.4726748212550596,0.4453320052434382,0.027342816011621418,True,4.096721277074676,4.496310591622189,0.3995893145475131,False,,,,True,False
0.1,1PVS,0.4726748212550596,0.4453320052434382,0.027342816011621418,True,4.096721277074676,4.496310591622189,0.3995893145475131,False,,,,True,False
0.15,1PVS,0.4726748212550596,0.4453320052434382,0.027342816011621418,True,4.096721277074676,4.496310591622189,0.3995893145475131,False,,,,True,False
0.05,1YFW,0.4924793872402283,0.475441370796546,0.017038016443682247,True,5.148466725778795,4.979415158370483,0.16905156740831195,False,,,,True,False
0.1,1YFW,0.4924793872402283,0.475441370796546,0.017038016443682247,True,5.148466725778795,4.979415158370483,0.16905156740831195,False,,,,True,False
0.15,1YFW,0.4924793872402283,0.475441370796546,0.017038016443682247,True,5.148466725778795,4.979415158370483,0.16905156740831195,False,,,,True,False
0.05,1YFY,0.4509470772571965,0.4701646196702675,0.019217542413070998,True,4.877727775579606,4.316938600739159,0.5607891748404468,False,,,,True,False
0.1,1YFY,0.4509470772571965,0.4701646196702675,0.019217542413070998,True,4.877727775579606,4.316938600739159,0.5607891748404468,False,,,,True,False
0.15,1YFY,0.4509470772571965,0.4701646196702675,0.019217542413070998,True,4.877727775579606,4.316938600739159,0.5607891748404468,False,,,,True,False
0.05,2AV1,0.5238261919670737,0.5148946393937659,0.0089315525733078,True,3.703762713578469,3.7092440343275386,0.005481320749069596,True,,,,True,True
0.1,2AV1,0.5238261919670737,0.5148946393937659,0.0089315525733078,True,3.703762713578469,3.7092440343275386,0.005481320749069596,True,,,,True,True
0.15,2AV1,0.5238261919670737,0.5148946393937659,0.0089315525733078,True,3.703762713578469,3.7092440343275386,0.005481320749069596,True,,,,True,True
0.05,2GJ6,0.5616145260845277,0.5414578484507107,0.02015667763381701,True,3.909034923149256,3.731731200493008,0.17730372265624794,False,,,,True,False
0.1,2GJ6,0.5616145260845277,0.5414578484507107,0.02015667763381701,True,3.909034923149256,3.731731200493008,0.17730372265624794,False,,,,True,False
0.15,2GJ6,0.5616145260845277,0.5414578484507107,0.02015667763381701,True,3.909034923149256,3.731731200493008,0.17730372265624794,False,,,,True,False
0.05,2P5E,0.48673904980949,0.4703400157724665,0.01639903403702353,True,4.434601676680162,4.522962140820249,0.08836046414008702,False,,,,True,False
0.1,2P5E,0.48673904980949,0.4703400157724665,0.01639903403702353,True,4.434601676680162,4.522962140820249,0.08836046414008702,True,,,,True,True
0.15,2P5E,0.48673904980949,0.4703400157724665,0.01639903403702353,True,4.434601676680162,4.522962140820249,0.08836046414008702,True,,,,True,True
0.05,2P5W,0.465008176843012,0.4743753090473428,0.00936713220433083,True,3.65183129805035,4.4029032869914975,0.7510719889411477,False,,,,True,False
0.1,2P5W,0.465008176843012,0.4743753090473428,0.00936713220433083,True,3.65183129805035,4.4029032869914975,0.7510719889411477,False,,,,True,False
0.15,2P5W,0.465008176843012,0.4743753090473428,0.00936713220433083,True,3.65183129805035,4.4029032869914975,0.7510719889411477,False,,,,True,False
0.05,2PYE,0.5158064241900207,0.4580399445242943,0.057766479665726345,False,3.693421568365553,3.696941199788011,0.003519631422457703,True,,,,True,False
0.1,2PYE,0.5158064241900207,0.4580399445242943,0.057766479665726345,True,3.693421568365553,3.696941199788011,0.003519631422457703,True,,,,True,True
0.15,2PYE,0.5158064241900207,0.4580399445242943,0.057766479665726345,True,3.693421568365553,3.696941199788011,0.003519631422457703,True,,,,True,True
0.05,2X4N,0.4392407774914531,0.4444605328531982,0.005219755361745071,True,4.265174629171828,4.508825929294581,0.24365130012275227,False,,,,True,False
0.1,2X4N,0.4392407774914531,0.4444605328531982,0.005219755361745071,True,4.265174629171828,4.508825929294581,0.24365130012275227,False,,,,True,False
0.15,2X4N,0.4392407774914531,0.4444605328531982,0.005219755361745071,True,4.265174629171828,4.508825929294581,0.24365130012275227,False,,,,True,False
0.05,2X4O,0.4386499614088658,0.5052540758260664,0.0666041144172006,False,4.227336517276827,3.743015991412635,0.48432052586419205,False,,,,True,False
0.1,2X4O,0.4386499614088658,0.5052540758260664,0.0666041144172006,True,4.227336517276827,3.743015991412635,0.48432052586419205,False,,,,True,False
0.15,2X4O,0.4386499614088658,0.5052540758260664,0.0666041144172006,True,4.227336517276827,3.743015991412635,0.48432052586419205,False,,,,True,False
0.05,2X4Q,0.4564364688841001,0.4622421903443265,0.0058057214602263985,True,3.8450351003392895,3.7848381803907047,0.06019691994858478,False,,,,True,False
0.1,2X4Q,0.4564364688841001,0.4622421903443265,0.0058057214602263985,True,3.8450351003392895,3.7848381803907047,0.06019691994858478,True,,,,True,True
0.15,2X4Q,0.4564364688841001,0.4622421903443265,0.0058057214602263985,True,3.8450351003392895,3.7848381803907047,0.06019691994858478,True,,,,True,True
0.05,2X4S,0.4961580232024926,0.5056772417693883,0.009519218566895749,True,3.973969057010776,4.302836806564416,0.3288677495536403,False,,,,True,False
0.1,2X4S,0.4961580232024926,0.5056772417693883,0.009519218566895749,True,3.973969057010776,4.302836806564416,0.3288677495536403,False,,,,True,False
0.15,2X4S,0.4961580232024926,0.5056772417693883,0.009519218566895749,True,3.973969057010776,4.302836806564416,0.3288677495536403,False,,,,True,False
0.05,2X4T,0.5297843413956099,0.4525262013753874,0.07725814002022252,False,4.022002903454572,4.382909957048016,0.36090705359344355,False,,,,True,False
0.1,2X4T,0.5297843413956099,0.4525262013753874,0.07725814002022252,True,4.022002903454572,4.382909957048016,0.36090705359344355,False,,,,True,False
0.15,2X4T,0.5297843413956099,0.4525262013753874,0.07725814002022252,True,4.022002903454572,4.382909957048016,0.36090705359344355,False,,,,True,False
0.05,3CWA,0.2923557622878729,0.2602232524830978,0.03213250980477511,True,4.542200360437521,5.150765395370275,0.608565034932754,False,,,,True,False
0.1,3CWA,0.2923557622878729,0.2602232524830978,0.03213250980477511,True,4.542200360437521,5.150765395370275,0.608565034932754,False,,,,True,False
0.15,3CWA,0.2923557622878729,0.2602232524830978,0.03213250980477511,True,4.542200360437521,5.150765395370275,0.608565034932754,False,,,,True,False
0.05,3LZ9,0.4975325396324059,0.4360963453661289,0.061436194266277,False,4.2356930232131615,4.471723514597931,0.23603049138476973,False,,,,True,False
0.1,3LZ9,0.4975325396324059,0.4360963453661289,0.061436194266277,True,4.2356930232131615,4.471723514597931,0.23603049138476973,False,,,,True,False
0.15,3LZ9,0.4975325396324059,0.4360963453661289,0.061436194266277,True,4.2356930232131615,4.471723514597931,0.23603049138476973,False,,,,True,False
0.05,3M00,0.51559138400856,0.4878406620146795,0.027750721993880456,True,4.036588877222669,4.717347122454011,0.6807582452313419,False,,,,True,False
0.1,3M00,0.51559138400856,0.4878406620146795,0.027750721993880456,True,4.036588877222669,4.717347122454011,0.6807582452313419,False,,,,True,False
0.15,3M00,0.51559138400856,0.4878406620146795,0.027750721993880456,True,4.036588877222669,4.717347122454011,0.6807582452313419,False,,,,True,False
0.05,3UPR,0.5995888359763019,0.5800935617549328,0.019495274221369097,True,4.093078928676307,4.387200588182286,0.29412165950597924,False,,,,True,False
0.1,3UPR,0.5995888359763019,0.5800935617549328,0.019495274221369097,True,4.093078928676307,4.387200588182286,0.29412165950597924,False,,,,True,False
0.15,3UPR,0.5995888359763019,0.5800935617549328,0.019495274221369097,True,4.093078928676307,4.387200588182286,0.29412165950597924,False,,,,True,False
0.05,3VRI,0.5915212342492224,0.600997874690662,0.009476640441439588,True,4.552818515639451,4.048648157533646,0.5041703581058057,False,,,,True,False
0.1,3VRI,0.5915212342492224,0.600997874690662,0.009476640441439588,True,4.552818515639451,4.048648157533646,0.5041703581058057,False,,,,True,False
0.15,3VRI,0.5915212342492224,0.600997874690662,0.009476640441439588,True,4.552818515639451,4.048648157533646,0.5041703581058057,False,,,,True,False
0.05,3VRJ,0.5985200806454634,0.5277804992750239,0.07073958137043945,False,3.949809697957954,4.126273591293401,0.17646389333544743,False,,,,True,False
0.1,3VRJ,0.5985200806454634,0.5277804992750239,0.07073958137043945,True,3.949809697957954,4.126273591293401,0.17646389333544743,False,,,,True,False
0.15,3VRJ,0.5985200806454634,0.5277804992750239,0.07073958137043945,True,3.949809697957954,4.126273591293401,0.17646389333544743,False,,,,True,False
0.05,3WUW,0.4807526579643764,0.4350229955078116,0.04572966245656479,True,3.585105510644433,4.051001073070284,0.4658955624258514,False,,,,True,False
0.1,3WUW,0.4807526579643764,0.4350229955078116,0.04572966245656479,True,3.585105510644433,4.051001073070284,0.4658955624258514,False,,,,True,False
0.15,3WUW,0.4807526579643764,0.4350229955078116,0.04572966245656479,True,3.585105510644433,4.051001073070284,0.4658955624258514,False,,,,True,False
0.05,4HSJ,0.4123780022972428,0.4449842792702793,0.032606276973036474,True,4.4780133412721845,4.152906610480686,0.3251067307914983,False,,,,True,False
0.1,4HSJ,0.4123780022972428,0.4449842792702793,0.032606276973036474,True,4.4780133412721845,4.152906610480686,0.3251067307914983,False,,,,True,False
0.15,4HSJ,0.4123780022972428,0.4449842792702793,0.032606276973036474,True,4.4780133412721845,4.152906610480686,0.3251067307914983,False,,,,True,False
0.05,4HSL,0.5268886636835756,0.5423266124439413,0.01543794876036575,True,5.148834998158314,5.725011534881911,0.5761765367235965,False,,,,True,False
0.1,4HSL,0.5268886636835756,0.5423266124439413,0.01543794876036575,True,5.148834998158314,5.725011534881911,0.5761765367235965,False,,,,True,False
0.15,4HSL,0.5268886636835756,0.5423266124439413,0.01543794876036575,True,5.148834998158314,5.725011534881911,0.5761765367235965,False,,,,True,False
0.05,4HVR,0.4155920860012834,0.4934913755820055,0.07789928958072212,False,4.005705861799767,4.061455455871459,0.05574959407169189,False,,,,True,False
0.1,4HVR,0.4155920860012834,0.4934913755820055,0.07789928958072212,True,4.005705861799767,4.061455455871459,0.05574959407169189,True,,,,True,True
0.15,4HVR,0.4155920860012834,0.4934913755820055,0.07789928958072212,True,4.005705861799767,4.061455455871459,0.05574959407169189,True,,,,True,True
0.05,4I3P,0.524094469489067,0.5346094094935447,0.010514940004477724,True,4.379056648682979,4.471312536038266,0.09225588735528767,False,,,,True,False
0.1,4I3P,0.524094469489067,0.5346094094935447,0.010514940004477724,True,4.379056648682979,4.471312536038266,0.09225588735528767,True,,,,True,True
0.15,4I3P,0.524094469489067,0.5346094094935447,0.010514940004477724,True,4.379056648682979,4.471312536038266,0.09225588735528767,True,,,,True,True
0.05,4R52,0.4578123962366334,0.4756341789194718,0.017821782682838405,True,4.266218237990436,4.088060759814445,0.17815747817599092,False,,,,True,False
0.1,4R52,0.4578123962366334,0.4756341789194718,0.017821782682838405,True,4.266218237990436,4.088060759814445,0.17815747817599092,False,,,,True,False
0.15,4R52,0.4578123962366334,0.4756341789194718,0.017821782682838405,True,4.266218237990436,4.088060759814445,0.17815747817599092,False,,,,True,False
0.05,4RNQ,0.4878203903156869,0.4305834160443046,0.0572369742713823,False,4.680719911779958,4.734767609037654,0.05404769725769576,False,,,,True,False
0.1,4RNQ,0.4878203903156869,0.4305834160443046,0.0572369742713823,True,4.680719911779958,4.734767609037654,0.05404769725769576,True,,,,True,True
0.15,4RNQ,0.4878203903156869,0.4305834160443046,0.0572369742713823,True,4.680719911779958,4.734767609037654,0.05404769725769576,True,,,,True,True
0.05,4UQ3,0.4857999957628799,0.4920512111719647,0.006251215409084798,True,3.862640968893723,4.128375018631681,0.26573404973795833,False,,,,True,False
0.1,4UQ3,0.4857999957628799,0.4920512111719647,0.006251215409084798,True,3.862640968893723,4.128375018631681,0.26573404973795833,False,,,,True,False
0.15,4UQ3,0.4857999957628799,0.4920512111719647,0.006251215409084798,True,3.862640968893723,4.128375018631681,0.26573404973795833,False,,,,True,False
0.05,4WJ5,0.5207300978969749,0.4962215478390905,0.024508550057884382,True,5.074244162582626,5.060082808690882,0.014161353891744,True,,,,True,True
0.1,4WJ5,0.5207300978969749,0.4962215478390905,0.024508550057884382,True,5.074244162582626,5.060082808690882,0.014161353891744,True,,,,True,True
0.15,4WJ5,0.5207300978969749,0.4962215478390905,0.024508550057884382,True,5.074244162582626,5.060082808690882,0.014161353891744,True,,,,True,True
0.05,4WZC,0.4649595146871854,0.4397227321766631,0.025236782510522304,True,4.762674780088746,4.748569280522728,0.014105499566017698,True,,,,True,True
0.1,4WZC,0.4649595146871854,0.4397227321766631,0.025236782510522304,True,4.762674780088746,4.748569280522728,0.014105499566017698,True,,,,True,True
0.15,4WZC,0.4649595146871854,0.4397227321766631,0.025236782510522304,True,4.762674780088746,4.748569280522728,0.014105499566017698,True,,,,True,True
0.05,5DHK,0.579523926530946,0.5700709622444463,0.009452964286499665,True,4.501835115506549,4.29301406364376,0.2088210518627891,False,,,,True,False
0.1,5DHK,0.579523926530946,0.5700709622444463,0.009452964286499665,True,4.501835115506549,4.29301406364376,0.2088210518627891,False,,,,True,False
0.15,5DHK,0.579523926530946,0.5700709622444463,0.009452964286499665,True,4.501835115506549,4.29301406364376,0.2088210518627891,False,,,,True,False
0.05,5EAT,0.5443314248473099,0.4662016502880337,0.07812977455927622,False,4.61695648341838,4.439281604316558,0.17767487910182211,False,,,,True,False
0.1,5EAT,0.5443314248473099,0.4662016502880337,0.07812977455927622,True,4.61695648341838,4.439281604316558,0.17767487910182211,False,,,,True,False
0.15,5EAT,0.5443314248473099,0.4662016502880337,0.07812977455927622,True,4.61695648341838,4.439281604316558,0.17767487910182211,False,,,,True,False
0.05,5IK0,0.5277572731174913,0.4855493425600725,0.04220793055741884,True,4.310413613788027,4.681219609136162,0.3708059953481353,False,,,,True,False
0.1,5IK0,0.5277572731174913,0.4855493425600725,0.04220793055741884,True,4.310413613788027,4.681219609136162,0.3708059953481353,False,,,,True,False
0.15,5IK0,0.5277572731174913,0.4855493425600725,0.04220793055741884,True,4.310413613788027,4.681219609136162,0.3708059953481353,False,,,,True,False
0.05,5IK6,0.5492776127911602,0.5175350579410491,0.031742554850111016,True,5.605005031854183,5.29792162499276,0.3070834068614223,False,,,,True,False
0.1,5IK6,0.5492776127911602,0.5175350579410491,0.031742554850111016,True,5.605005031854183,5.29792162499276,0.3070834068614223,False,,,,True,False
0.15,5IK6,0.5492776127911602,0.5175350579410491,0.031742554850111016,True,5.605005031854183,5.29792162499276,0.3070834068614223,False,,,,True,False
0.05,5IKA,0.3649032262168519,0.399124771883131,0.03422154566627911,True,4.696458506911335,4.3977832550596805,0.29867525185165444,False,,,,True,False
0.1,5IKA,0.3649032262168519,0.399124771883131,0.03422154566627911,True,4.696458506911335,4.3977832550596805,0.29867525185165444,False,,,,True,False
0.15,5IKA,0.3649032262168519,0.399124771883131,0.03422154566627911,True,4.696458506911335,4.3977832550596805,0.29867525185165444,False,,,,True,False
0.05,5IL8,0.4980692082699482,0.5357580678834502,0.037688859613501935,True,4.520697780651881,4.160842240701265,0.35985553995061625,False,,,,True,False
0.1,5IL8,0.4980692082699482,0.5357580678834502,0.037688859613501935,True,4.520697780651881,4.160842240701265,0.35985553995061625,False,,,,True,False
0.15,5IL8,0.4980692082699482,0.5357580678834502,0.037688859613501935,True,4.520697780651881,4.160842240701265,0.35985553995061625,False,,,,True,False
0.05,5ILI,0.5088205227338745,0.5023713087216827,0.006449214012191784,True,3.948545692182569,4.399289651592772,0.4507439594102034,False,,,,True,False
0.1,5ILI,0.5088205227338745,0.5023713087216827,0.006449214012191784,True,3.948545692182569,4.399289651592772,0.4507439594102034,False,,,,True,False
0.15,5ILI,0.5088205227338745,0.5023713087216827,0.006449214012191784,True,3.948545692182569,4.399289651592772,0.4507439594102034,False,,,,True,False
0.05,5ILY,0.5694880621709374,0.5174806203035761,0.05200744186736128,False,5.040585790563469,5.26595412285057,0.2253683322871014,False,,,,True,False
0.1,5ILY,0.5694880621709374,0.5174806203035761,0.05200744186736128,True,5.040585790563469,5.26595412285057,0.2253683322871014,False,,,,True,False
0.15,5ILY,0.5694880621709374,0.5174806203035761,0.05200744186736128,True,5.040585790563469,5.26595412285057,0.2253683322871014,False,,,,True,False
0.05,5ILZ,0.6051710023003365,0.5899665636781712,0.01520443862216525,True,5.113066965879047,4.980289222246447,0.13277774363259987,False,,,,True,False
0.1,5ILZ,0.6051710023003365,0.5899665636781712,0.01520443862216525,True,5.113066965879047,4.980289222246447,0.13277774363259987,False,,,,True,False
0.15,5ILZ,0.6051710023003365,0.5899665636781712,0.01520443862216525,True,5.113066965879047,4.980289222246447,0.13277774363259987,True,,,,True,True
0.05,5JHD,0.4227870005870621,0.4819335824550303,0.05914658186796823,False,4.17384144515915,3.910828378444065,0.26301306671508495,False,,,,True,False
0.1,5JHD,0.4227870005870621,0.4819335824550303,0.05914658186796823,True,4.17384144515915,3.910828378444065,0.26301306671508495,False,,,,True,False
0.15,5JHD,0.4227870005870621,0.4819335824550303,0.05914658186796823,True,4.17384144515915,3.910828378444065,0.26301306671508495,False,,,,True,False
0.05,5T70,0.4790754001246207,0.4588726474102612,0.020202752714359506,True,3.84158275471554,4.2255932840984505,0.38401052938291036,False,,,,True,False
0.1,5T70,0.4790754001246207,0.4588726474102612,0.020202752714359506,True,3.84158275471554,4.2255932840984505,0.38401052938291036,False,,,,True,False
0.15,5T70,0.4790754001246207,0.4588726474102612,0.020202752714359506,True,3.84158275471554,4.2255932840984505,0.38401052938291036,False,,,,True,False
0.05,5U98,0.4985866567026916,0.5276076418916504,0.029020985188958848,True,4.350757350509989,3.988527898159307,0.36222945235068194,False,,,,True,False
0.1,5U98,0.4985866567026916,0.5276076418916504,0.029020985188958848,True,4.350757350509989,3.988527898159307,0.36222945235068194,False,,,,True,False
0.15,5U98,0.4985866567026916,0.5276076418916504,0.029020985188958848,True,4.350757350509989,3.988527898159307,0.36222945235068194,False,,,,True,False
