pocket_id,model_name,dominant_metric,dominant_std,brittle_at_tau
1AO7,diffsbdd,mean_sa,0.19386481845338588,True
1DIZ,diffsbdd,mean_sa,0.5650834054669168,True
1JF1,diffsbdd,mean_sa,0.13180354027847369,True
1YFW,diffsbdd,mean_sa,0.54870671028532,True
2P5E,diffsbdd,mean_sa,0.2037347270389988,True
3UPR,diffsbdd,mean_sa,0.4818901088909409,True
3VRI,diffsbdd,mean_sa,0.281932619634532,True
3VRJ,diffsbdd,mean_sa,0.5057578604592784,True
3WUW,diffsbdd,mean_sa,0.5536101905133503,True
4HSJ,diffsbdd,mean_sa,0.31605858029438966,True
4HSL,diffsbdd,mean_sa,0.3900494213898701,True
4HVR,diffsbdd,mean_sa,0.36084848770977435,True
4UQ3,diffsbdd,mean_sa,0.20463009881989,True
4WJ5,diffsbdd,mean_sa,0.7457732758745763,True
5IK6,diffsbdd,mean_sa,0.4576425998471834,True
5ILI,diffsbdd,mean_sa,0.2991146300087761,True
5JHD,diffsbdd,mean_sa,0.22901250340562826,True
2X4Q,diffsbdd,n_total,0.4330127018922193,True
1B0R,diffsbdd,n_unique_valid,0.4330127018922193,True
1HXC,diffsbdd,n_unique_valid,0.4330127018922193,True
1I4F,diffsbdd,n_unique_valid,0.4330127018922193,True
1PVS,diffsbdd,n_unique_valid,1.0,True
1YFY,diffsbdd,n_unique_valid,0.5,True
2AV1,diffsbdd,n_unique_valid,0.8660254037844386,True
2GJ6,diffsbdd,n_unique_valid,1.299038105676658,True
2P5W,diffsbdd,n_unique_valid,0.82915619758885,True
2PYE,diffsbdd,n_unique_valid,0.5,True
2X4N,diffsbdd,n_unique_valid,0.8660254037844386,True
2X4O,diffsbdd,n_unique_valid,0.5,True
2X4S,diffsbdd,n_unique_valid,0.82915619758885,True
3CWA,diffsbdd,n_unique_valid,0.82915619758885,True
3M00,diffsbdd,n_unique_valid,0.4330127018922193,True
4I3P,diffsbdd,n_unique_valid,0.5,True
4R52,diffsbdd,n_unique_valid,0.4330127018922193,True
4RNQ,diffsbdd,n_unique_valid,0.82915619758885,True
4WZC,diffsbdd,n_unique_valid,0.4330127018922193,True
5DHK,diffsbdd,n_unique_valid,0.4330127018922193,True
5EAT,diffsbdd,n_unique_valid,0.8660254037844386,True
5IKA,diffsbdd,n_unique_valid,0.7071067811865476,True
5IL8,diffsbdd,n_unique_valid,0.5,True
5ILY,diffsbdd,n_unique_valid,0.5,True
5ILZ,diffsbdd,n_unique_valid,0.82915619758885,True
5T70,diffsbdd,n_unique_valid,0.82915619758885,True
5U98,diffsbdd,n_unique_valid,0.5,True
2X4T,diffsbdd,std_sa,0.1559596636388099,True
3LZ9,diffsbdd,std_sa,0.24839404944235263,True
5IK0,diffsbdd,std_sa,0.17800137968505256,True
