pocket_id,mutation_tag,delta_validity,delta_mean_qed,delta_mean_sa,responsive_any_gt_zero10,interpretable_qed_validity,delta_vina,interpretable_vina_qed
1AO7,meaningful_ala,0.04999999999999993,0.010604360374133148,,True,True,0.142346749226006,True
1AO7,meaningful_trp,0.0,0.03079466943226361,,True,True,0.24223856209150263,True
1B0R,meaningful_ala,0.09999999999999998,0.014148149427338441,,True,True,0.32767916666666697,True
1B0R,meaningful_trp,0.050000000000000044,-0.001567278858370158,,True,True,0.41080416666666686,True
1I4F,meaningful_ala,-0.09999999999999998,0.02257356318113951,,True,False,0.15137426900584794,True
1I4F,meaningful_trp,-0.19999999999999996,0.02273192198387891,,True,False,0.04682565789473703,True
1JF1,meaningful_ala,0.04999999999999993,0.0034112496011730054,,False,True,0.060029411764706,True
1JF1,meaningful_trp,0.04999999999999993,0.07852219057203152,,True,True,0.24818421052631567,True
2AV1,meaningful_ala,-0.09999999999999998,-0.0449834397362906,,False,True,0.06823529411764717,False
2AV1,meaningful_trp,-0.050000000000000044,-0.0534817476556268,,False,True,0.0352222222222216,False
2GJ6,meaningful_ala,-0.09999999999999998,0.14067429811092141,,True,False,-0.43412499999999987,False
2GJ6,meaningful_trp,-0.09999999999999998,0.08121709582721565,,True,False,-0.1434375000000001,False
2P5E,meaningful_ala,0.04999999999999993,-0.025117347203431506,,True,False,0.3090058479532156,False
2P5E,meaningful_trp,0.09999999999999998,-0.0003183944028443686,,True,True,0.40016374269005794,True
2P5W,meaningful_ala,-0.09999999999999998,0.020686747274907713,,True,False,0.22888235294117587,True
2P5W,meaningful_trp,-0.15000000000000002,0.06004259238895232,,True,False,0.24106249999999996,True
2PYE,meaningful_ala,-0.09999999999999998,-0.013393062439928105,,True,True,0.11131699346405188,True
2PYE,meaningful_trp,0.050000000000000044,-0.05736701872710831,,True,False,0.2540269005847948,False
2X4N,meaningful_ala,0.0,0.11540028223550142,,True,True,0.39820588235294174,True
2X4N,meaningful_trp,0.04999999999999993,0.0935131189415912,,True,True,0.3134779411764703,True
2X4O,meaningful_ala,-0.26578947368421046,-0.03502274874031586,,True,True,0.05994331983805701,False
2X4O,meaningful_trp,-0.04999999999999993,-0.007780389006984523,,True,True,0.23302476780185755,True
2X4Q,meaningful_ala,0.002631578947368318,0.003697380950368201,,False,True,0.025438596491227816,True
2X4Q,meaningful_trp,0.002631578947368318,-0.018266087947950593,,False,True,0.018070175438596348,True
2X4S,meaningful_ala,0.0,-0.008115213040941649,,True,True,-0.23286805555555556,True
2X4S,meaningful_trp,-0.09999999999999998,0.004449386453464155,,True,True,-0.2025555555555556,True
2X4T,meaningful_ala,0.15000000000000002,0.1279567528628862,,True,True,-0.17531249999999998,False
2X4T,meaningful_trp,0.15000000000000002,0.05254817262284606,,True,True,-0.02212499999999995,False
3UPR,meaningful_ala,-0.050000000000000044,0.07469678000906543,,True,False,-0.14402564102564153,False
3UPR,meaningful_trp,-0.09999999999999998,0.06948156472096478,,True,False,-0.3418717948717944,False
3VRI,meaningful_ala,0.0,-0.06741519041143029,,True,True,0.4894375000000002,False
3VRI,meaningful_trp,-0.10000000000000009,-0.054878421572400304,,True,True,0.5303173076923082,False
4UQ3,meaningful_ala,-0.15000000000000002,-0.0067391835965648905,,True,True,-0.19165015479876235,True
4UQ3,meaningful_trp,-0.050000000000000044,-0.00508861753551515,,False,True,0.02342105263157812,True
4WJ5,meaningful_ala,-0.04999999999999993,0.03980285973762965,,True,False,0.17003571428571496,True
4WJ5,meaningful_trp,0.09999999999999998,0.08185421823129257,,True,True,-0.1429999999999998,False
5JHD,meaningful_ala,0.050000000000000044,0.011490803846460618,,False,True,0.008301169590644086,True
5JHD,meaningful_trp,0.0,-0.0019283275345237105,,False,True,0.022842105263157997,True
5U98,meaningful_ala,-0.25,-0.008672260340632898,,True,True,0.5034583333333327,True
5U98,meaningful_trp,0.0,0.06323151054552945,,True,True,-0.1749916666666671,False
