analysis,model_name,panel,perturbation_tag,metric,x,y,dataset,comparison,n_pairs,n_zero_diff,mean_delta,median_delta,wilcoxon_W,p_value,rank_biserial_r,z,effect_size_r_z,median_ci95_lo,median_ci95_hi,mean_ci95_lo,mean_ci95_hi,n_pockets,pearson_r,pearson_p,spearman_rho,spearman_p,ols_slope,ols_intercept,ols_r_squared,ols_p
paired_wilcoxon,pocket2mol,real47,crop_radius_minus_1.5,dMW,,,real47,crop_radius_minus_1.5 vs original,43.0,0.0,-32.4375,-23.0351,185.0,0.00031642533690501295,-0.6089,-3.4776,0.5303,-40.5858,-8.9191,-47.7477,-17.5858,,,,,,,,,
paired_wilcoxon,pocket2mol,real47,crop_radius_minus_1.5,dQED,,,real47,crop_radius_minus_1.5 vs original,43.0,0.0,0.0092,-0.0056,449.0,0.7787960584423672,0.0507,0.2898,0.0442,-0.0436,0.0461,-0.0218,0.0399,,,,,,,,,
paired_wilcoxon,pocket2mol,real47,crop_radius_minus_1.5,dSA,,,real47,crop_radius_minus_1.5 vs original,43.0,0.0,-0.4365,-0.4605,175.0,0.0001828081337862386,-0.63,-3.5983,0.5487,-0.7221,-0.2823,-0.6374,-0.22,,,,,,,,,
correlation,pocket2mol,real47,crop_radius_minus_1.5,,dMW,dQED,,,,,,,,,,,,,,,,43.0,0.3311,0.03009707988189392,0.3719,0.014051584981996717,0.000666575358281695,0.030784499442814348,0.1096,0.03009707988189382
correlation,pocket2mol,real47,crop_radius_minus_1.5,,dMW,dSA,,,,,,,,,,,,,,,,43.0,0.1534,0.32616654405115886,0.2321,0.13421018130916762,0.0021000357683814115,-0.3683954114168516,0.0235,0.32616654405115775
paired_wilcoxon,pocket2mol,real47,atom_shuffle,dMW,,,real47,atom_shuffle vs original,43.0,36.0,0.9273,0.0,10.0,0.49896229860376107,0.2857,0.6761,0.2556,0.0,0.0,-1.9292,3.8628,,,,,,,,,
paired_wilcoxon,pocket2mol,real47,atom_shuffle,dQED,,,real47,atom_shuffle vs original,43.0,36.0,0.0023,0.0,10.0,0.49896229860376107,0.2857,0.6761,0.2556,0.0,0.0,-0.005,0.0094,,,,,,,,,
paired_wilcoxon,pocket2mol,real47,atom_shuffle,dSA,,,real47,atom_shuffle vs original,43.0,36.0,-0.0117,0.0,11.0,0.6120898800892568,-0.2143,-0.5071,0.1917,0.0,0.0,-0.0506,0.0262,,,,,,,,,
correlation,pocket2mol,real47,atom_shuffle,,dMW,dQED,,,,,,,,,,,,,,,,43.0,0.5827,4.1420797310612206e-05,-0.0705,0.6531911906167346,0.0014781970074980754,0.0009022596868755342,0.3395,4.1420797310612254e-05
paired_wilcoxon,pocket2mol,real47,coordinate_jitter,dMW,,,real47,coordinate_jitter vs original,43.0,0.0,-7.9456,-3.3912,372.0,0.22743896295583,-0.2135,-1.2196,0.186,-19.0194,5.7225,-18.5246,2.1677,,,,,,,,,
paired_wilcoxon,pocket2mol,real47,coordinate_jitter,dQED,,,real47,coordinate_jitter vs original,43.0,0.0,0.0123,0.0013,438.0,0.6799748889393413,0.074,0.4226,0.0644,-0.0299,0.0459,-0.0153,0.0417,,,,,,,,,
paired_wilcoxon,pocket2mol,real47,coordinate_jitter,dSA,,,real47,coordinate_jitter vs original,43.0,0.0,-0.179,-0.1572,323.0,0.07078218253786872,-0.3171,-1.8112,0.2762,-0.4422,-0.0055,-0.3794,0.0255,,,,,,,,,
correlation,pocket2mol,real47,coordinate_jitter,,dMW,dQED,,,,,,,,,,,,,,,,43.0,-0.0232,0.8825428049008628,0.0474,0.7626931767727065,-6.349816541646397e-05,0.01176382706447484,0.0005,0.8825428049008627
paired_wilcoxon,diffsbdd,real100_vina,crop_radius_minus_1.5,dMW,,,real100_vina,crop_radius_minus_1.5 vs original,99.0,0.0,41.2228,8.9518,1747.0,0.011055774874733436,0.2941,2.5409,0.2554,-4.7864,24.3421,20.9528,62.2602,,,,,,,,,
paired_wilcoxon,diffsbdd,real100_vina,crop_radius_minus_1.5,dQED,,,real100_vina,crop_radius_minus_1.5 vs original,99.0,0.0,-0.0623,-0.0537,632.0,1.2543609699287262e-10,-0.7446,-6.4326,0.6465,-0.0728,-0.0261,-0.0781,-0.047,,,,,,,,,
paired_wilcoxon,diffsbdd,real100_vina,crop_radius_minus_1.5,dSA,,,real100_vina,crop_radius_minus_1.5 vs original,99.0,0.0,0.2187,0.1094,1774.0,0.014417353071925687,0.2832,2.4467,0.2459,-0.0491,0.2966,0.0724,0.3679,,,,,,,,,
correlation,diffsbdd,real100_vina,crop_radius_minus_1.5,,dMW,dQED,,,,,,,,,,,,,,,,99.0,-0.5595,1.7426120310875392e-09,-0.424,1.2239493387095945e-05,-0.00042001021906395183,-0.04503073161010483,0.3131,1.7426120310875084e-09
correlation,diffsbdd,real100_vina,crop_radius_minus_1.5,,dMW,dSA,,,,,,,,,,,,,,,,99.0,0.8513,6.384507161676084e-29,0.8494,1.1234178023552854e-28,0.006089239394767601,-0.032269989417959444,0.7247,6.384507161676247e-29
paired_wilcoxon,diffsbdd,real100_vina,atom_shuffle,dMW,,,real100_vina,atom_shuffle vs original,99.0,0.0,-0.5198,-1.874,2298.0,0.5367195179054507,-0.0715,-0.6178,0.0621,-8.1758,3.5969,-7.2197,6.244,,,,,,,,,
paired_wilcoxon,diffsbdd,real100_vina,atom_shuffle,dQED,,,real100_vina,atom_shuffle vs original,99.0,0.0,-0.0014,-0.0029,2409.0,0.8178127203164116,-0.0267,-0.2304,0.0232,-0.0149,0.0107,-0.011,0.0081,,,,,,,,,
paired_wilcoxon,diffsbdd,real100_vina,atom_shuffle,dSA,,,real100_vina,atom_shuffle vs original,99.0,0.0,-0.0039,0.0225,2413.0,0.8286775514211796,0.0251,0.2164,0.0217,-0.0708,0.0734,-0.0894,0.0802,,,,,,,,,
correlation,diffsbdd,real100_vina,atom_shuffle,,dMW,dQED,,,,,,,,,,,,,,,,99.0,-0.1768,0.08002628602646508,-0.0817,0.4216828103047053,-0.00024715737782240955,-0.0015387113701294983,0.0313,0.08002628602646543
paired_wilcoxon,diffsbdd,real100_vina,coordinate_jitter,dMW,,,real100_vina,coordinate_jitter vs original,99.0,0.0,-3.4837,-4.5056,1994.0,0.09318530029102581,-0.1943,-1.6788,0.1687,-9.2032,0.7319,-9.1292,2.3563,,,,,,,,,
paired_wilcoxon,diffsbdd,real100_vina,coordinate_jitter,dQED,,,real100_vina,coordinate_jitter vs original,99.0,0.0,0.0025,-0.0006,2349.0,0.6600989808533111,0.0509,0.4398,0.0442,-0.0144,0.0157,-0.0086,0.0135,,,,,,,,,
paired_wilcoxon,diffsbdd,real100_vina,coordinate_jitter,dSA,,,real100_vina,coordinate_jitter vs original,99.0,0.0,-0.0156,0.034,2419.0,0.8450358020802198,-0.0226,-0.1955,0.0196,-0.1277,0.0993,-0.0892,0.0563,,,,,,,,,
correlation,diffsbdd,real100_vina,coordinate_jitter,,dMW,dQED,,,,,,,,,,,,,,,,99.0,0.0399,0.695190095867408,0.0951,0.34927667039891114,7.634366226695709e-05,0.0027645806801625916,0.0016,0.6951900958674059
