pocket_id,qed_original,mw_original,n_original,qed_crop_radius_minus_1.5,mw_crop_radius_minus_1.5,n_crop_radius_minus_1.5,qed_crop_radius_plus_1.5,mw_crop_radius_plus_1.5,n_crop_radius_plus_1.5,dQED_minus,dMW_minus
7HZW,0.37282984989111134,343.3212222222222,18,0.37386014317378957,391.31593333333336,15,0.44756619593895736,151.12161111111112,18,0.0010302932826782296,47.994711111111144
8QR3,0.5605679071937604,189.61245454545454,11,0.5106731282071514,185.72868749999998,16,0.5664206914657124,178.01412499999998,8,-0.04989477898660899,-3.8837670454545616
8R6K,0.5318545791076106,153.31525,16,0.3078940934168872,507.95677777777775,18,0.5461336161671749,235.81560000000002,15,-0.22396048569072335,354.64152777777775
8RU6,0.5673215270544646,216.92284210526313,19,0.5348087222542399,170.81205555555556,18,0.5212093863697428,267.41752631578953,19,-0.03251280480022467,-46.11078654970757
8UC4,0.38010973860498315,258.4700588235295,17,0.343355421847267,353.3386666666667,18,0.4570993385890377,154.58249999999998,18,-0.03675431675771618,94.86860784313723
9M6U,0.6109649517192917,196.33042105263155,19,0.4733860578007145,217.64605,20,0.42647719086540875,168.601875,16,-0.13757889391857714,21.315628947368452
9MER,0.44087785718257,219.87258823529416,17,0.2574412577277532,497.48276470588246,17,0.48954155371455504,145.73642105263156,19,-0.18343659945481677,277.61017647058827
9RN8,0.582918431945788,206.78484615384616,13,0.25817824917958293,487.13575000000014,16,0.5010775875290301,227.73600000000002,16,-0.32474018276620503,280.350903846154
9X7E,0.48255429516621784,157.74653333333336,15,0.4339991019532209,279.7968333333333,18,0.5745893785989289,200.02412500000003,16,-0.04855519321299695,122.05029999999996
9Y2G,0.4286791889612365,166.99247368421052,19,0.4888147755509216,194.15615789473688,19,0.5319944445839306,163.11165,20,0.0601355865896851,27.163684210526355
