dataset,pocket_id,n_radii,qed_at_minus,qed_at_orig,qed_at_plus,pbsi_slope_qed_per_A,abs_slope,fit_r2,curvature,boundary_range,noise_std,snr_1.5A,snr_range
real47,1AO7,3,0.3993474244691216,0.4722300157286502,0.4829425799720278,0.02787,0.02787,0.8443,-0.06217,0.0836,0.00409,10.228,20.455
real47,1B0R,3,0.5158028081648481,0.5886671640665974,0.598151431611279,0.02745,0.02745,0.8351,-0.06338,0.08235,0.03912,1.053,2.105
real47,1DIZ,3,0.4242047440598355,0.4445303162022506,0.2563251840753652,-0.05596,0.05596,0.6604,-0.20853,0.18821,0.01937,4.333,9.714
real47,1HXC,3,0.4587950144657018,0.5231739536813259,0.5411947668327101,0.02747,0.02747,0.9046,-0.04636,0.0824,0.02482,1.66,3.32
real47,1I4F,3,0.4701889658037809,0.5280523290489642,0.5098218841970529,0.01321,0.01321,0.4487,-0.07609,0.05786,0.00544,3.646,10.646
real47,1JF1,3,0.4419417629920768,0.4650925510354226,0.535343253834161,0.03113,0.03113,0.9219,0.0471,0.0934,0.01164,4.014,8.027
real47,1PVS,3,0.5435791239152119,0.4726748212550596,0.5491790009426696,0.00187,0.00187,0.0043,0.14741,0.0765,0.02815,0.099,2.718
real47,1YFW,3,0.4818912351241612,0.4924793872402283,0.4395051463035954,-0.01413,0.01413,0.5716,-0.06356,0.05297,0.00988,2.145,5.362
real47,1YFY,3,0.4939464318801803,0.4509470772571965,0.4173147734967434,-0.02554,0.02554,0.995,0.00937,0.07663,0.01888,2.03,4.059
real47,2AV1,3,0.3490559084342995,0.5238261919670737,0.5129403589534547,0.05463,0.05463,0.7004,-0.18566,0.17477,0.00445,18.425,39.299
real47,2GJ6,3,0.5054140111510493,0.5616145260845277,0.5397963463449819,0.01146,0.01146,0.3681,-0.07802,0.0562,0.02095,0.821,2.682
real47,2P5E,3,0.4919705806190494,0.48673904980949,0.5260306075379443,0.01135,0.01135,0.6371,0.04452,0.03929,0.00644,2.645,6.103
real47,2P5W,3,0.3420782660947275,0.465008176843012,0.4467797400704735,0.0349,0.0349,0.6227,-0.14116,0.12293,0.01381,3.789,8.898
real47,2PYE,3,0.4593928775639877,0.5158064241900207,0.4915627972068639,0.01072,0.01072,0.3231,-0.08066,0.05641,0.01372,1.172,4.112
real47,2X4N,3,0.3212010100780444,0.4392407774914531,0.4315436175985792,0.03678,0.03678,0.6979,-0.12574,0.11804,0.04071,1.355,2.899
real47,2X4O,3,0.4807636074289311,0.4386499614088658,0.4966206655844843,0.00529,0.00529,0.07,0.10008,0.05797,0.01273,0.623,4.552
real47,2X4Q,3,0.3845070014498563,0.4564364688841001,0.4934629694769018,0.03632,0.03632,0.9669,-0.0349,0.10896,0.00077,71.104,142.207
real47,2X4S,3,0.4548795107263258,0.4961580232024926,0.5035439142000528,0.01622,0.01622,0.8608,-0.03389,0.04866,0.00448,5.435,10.869
real47,2X4T,3,0.4564025824640378,0.5297843413956099,0.5324030317427345,0.02533,0.02533,0.7758,-0.07076,0.076,0.0442,0.86,1.72
real47,3CWA,3,0.3313740399190122,0.2923557622878729,0.225879126108413,-0.03516,0.03516,0.9779,-0.02746,0.10549,0.03123,1.689,3.378
real47,3LZ9,3,0.4378589581495447,0.4975325396324059,0.5109179301868572,0.02435,0.02435,0.882,-0.04629,0.07306,0.0161,2.269,4.539
real47,3M00,3,0.376309058053096,0.51559138400856,0.4620985929992538,0.0286,0.0286,0.3727,-0.19278,0.13928,0.03109,1.38,4.48
real47,3UPR,3,0.5247938885507422,0.5995888359763019,0.6622932114732106,0.04583,0.04583,0.9974,-0.01209,0.1375,0.01594,4.314,8.628
real47,3VRI,3,0.5181209842105239,0.5915212342492224,0.634412022230423,0.03876,0.03876,0.9776,-0.03051,0.11629,0.03396,1.712,3.424
real47,3VRJ,3,0.5154246480000766,0.5985200806454634,0.5749516568654558,0.01984,0.01984,0.483,-0.10666,0.0831,0.00146,20.397,56.945
real47,3WUW,3,0.4026602197731499,0.4807526579643764,0.4937424610887935,0.03036,0.03036,0.8545,-0.0651,0.09108,0.00742,6.141,12.282
real47,4HSJ,3,0.4309470576256736,0.4123780022972428,0.3912678812389219,-0.01323,0.01323,0.9986,-0.00254,0.03968,0.00037,53.483,106.966
real47,4HSL,3,0.5312765993295259,0.5268886636835756,0.5141304751556951,-0.00572,0.00572,0.9264,-0.00837,0.01715,0.02136,0.401,0.803
real47,4HVR,3,0.4074953433835654,0.4155920860012834,0.4110045644519344,0.00117,0.00117,0.1867,-0.01268,0.0081,5e-05,34.479,159.103
real47,4I3P,3,0.4745923807376829,0.524094469489067,0.4277170139537259,-0.01563,0.01563,0.2365,-0.14588,0.09638,0.00595,3.942,16.209
real47,4R52,3,0.4524620939091411,0.4578123962366334,0.4981687219673603,0.01524,0.01524,0.8365,0.03501,0.04571,0.00519,4.407,8.814
real47,4RNQ,3,0.4487887539685074,0.4878203903156869,0.430835455059223,-0.00598,0.00598,0.0949,-0.09602,0.05698,0.05225,0.172,1.091
real47,4UQ3,3,0.388639567353794,0.4857999957628799,0.4998238376759595,0.03706,0.03706,0.8429,-0.08314,0.11118,0.0145,3.833,7.666
real47,4WJ5,3,0.4240446485973823,0.5207300978969749,0.4461552976104643,0.00737,0.00737,0.0476,-0.17126,0.09669,0.03293,0.336,2.936
real47,4WZC,3,0.4987178709922455,0.4649595146871854,0.4207795902549833,-0.02598,0.02598,0.9941,-0.01042,0.07794,0.03344,1.165,2.331
real47,5DHK,3,0.5116806886200941,0.579523926530946,0.5881307926576103,0.02548,0.02548,0.8332,-0.05924,0.07645,0.01226,3.118,6.236
real47,5EAT,3,0.5114249933097949,0.5443314248473099,0.4727477744256813,-0.01289,0.01289,0.2913,-0.10449,0.07158,0.01461,1.324,4.901
real47,5IK0,3,0.4506222931447606,0.5277572731174913,0.4020969629287462,-0.01618,0.01618,0.1466,-0.2028,0.12566,0.01264,1.92,9.945
real47,5IK6,3,0.4837585209326175,0.5492776127911602,0.5248280353466367,0.01369,0.01369,0.3847,-0.08997,0.06552,0.02904,0.707,2.256
real47,5IKA,3,0.3166505900829363,0.3649032262168519,0.2678757611476913,-0.01626,0.01626,0.2527,-0.14528,0.09703,0.01948,1.252,4.981
real47,5IL8,3,0.5091274839745974,0.4980692082699482,0.4551402730745764,-0.018,0.018,0.8959,-0.03187,0.05399,0.02933,0.92,1.841
real47,5ILI,3,0.4633766707163107,0.5088205227338745,0.504485589907115,0.0137,0.0137,0.6717,-0.04978,0.04544,0.0413,0.498,1.1
real47,5ILY,3,0.4825800942645868,0.5694880621709374,0.500942543317955,0.00612,0.00612,0.0402,-0.15545,0.08691,0.01894,0.485,4.588
real47,5ILZ,3,0.5240098972305788,0.6051710023003365,0.5270388348343131,0.00101,0.00101,0.0011,-0.15929,0.08116,0.03099,0.049,2.619
real47,5JHD,3,0.5715897569517268,0.4227870005870621,0.4748927777785066,-0.03223,0.03223,0.41,0.20091,0.1488,0.03432,1.409,4.336
real47,5T70,3,0.4706733521149985,0.4790754001246207,0.4568034675348266,-0.00462,0.00462,0.3802,-0.03067,0.02227,0.00403,1.722,5.532
real47,5U98,3,0.4948280527874013,0.4985866567026916,0.5991666040010227,0.03478,0.03478,0.777,0.09682,0.10434,0.01775,2.939,5.879
real100,10LE,3,0.4514049423503118,0.4583286825367489,0.5714682541121195,0.04002,0.04002,0.7931,0.10622,0.12006,0.00722,8.314,16.627
real100,10PW,3,0.3136367452511339,0.4854773082139828,0.4868987024816444,0.05775,0.05775,0.7562,-0.17042,0.17326,0.0071,12.196,24.392
real100,13SL,3,0.4624823526247351,0.5212092342276335,0.4713363565653449,0.00295,0.00295,0.0196,-0.1086,0.05873,0.02898,0.153,2.026
real100,13YW,3,0.5291544268508146,0.5227509496675136,0.5348324706593216,0.00189,0.00189,0.2206,0.01848,0.01208,0.03474,0.082,0.348
real100,24AO,3,0.411659665842631,0.4612343452796093,0.4250643871725157,0.00447,0.00447,0.0683,-0.08574,0.04957,0.00039,17.142,126.791
real100,7G3X,3,0.5344880676148892,0.6160842332049481,0.5730900047948253,0.01287,0.01287,0.2236,-0.12459,0.0816,0.0097,1.99,8.411
real100,7G5N,3,0.4837987276555251,0.4991074188007388,0.4947270428876034,0.00364,0.00364,0.4803,-0.01969,0.01531,0.01616,0.338,0.947
real100,7G6A,3,0.3974664463991453,0.6551888119087843,0.515882790937747,0.03947,0.03947,0.2107,-0.39703,0.25772,0.00987,5.998,26.108
real100,7G7L,3,0.5124378509839305,0.5638445205318539,0.5877048420030346,0.02509,0.02509,0.9573,-0.02755,0.07527,0.04838,0.778,1.556
real100,7GQV,3,0.4992766538582992,0.5313678279668119,0.5285902606379667,0.00977,0.00977,0.6795,-0.03487,0.03209,0.00394,3.725,8.155
real100,7GQY,3,0.350795652591312,0.5811241434843686,0.5511510354953926,0.06679,0.06679,0.6399,-0.2603,0.23033,0.00507,19.751,45.411
real100,7HJQ,3,0.572730097025315,0.5985995761216475,0.6252251474082222,0.0175,0.0175,0.9999,0.00076,0.0525,0.00887,2.957,5.915
real100,7HKE,3,0.4175835839791356,0.5136151456224908,0.494326226547248,0.02558,0.02558,0.5706,-0.11532,0.09603,0.00647,5.929,14.838
real100,7HL0,3,0.3304595062285591,0.5250062892278663,0.4904963249840109,0.05335,0.05335,0.5942,-0.22906,0.19455,0.03151,2.54,6.175
real100,7HRO,3,0.583332288428632,0.6255688395857223,0.6259789674758245,0.01422,0.01422,0.7572,-0.04183,0.04265,0.00882,2.417,4.834
real100,7HZW,3,0.4168163746977028,0.3652375861958967,0.4835874169635097,0.02226,0.02226,0.3166,0.16993,0.11835,4e-05,928.762,3292.411
real100,7I2D,3,0.4101167953624144,0.5258436216616337,0.5194590800987099,0.03645,0.03645,0.7063,-0.12211,0.11573,0.00093,58.769,124.4
real100,8KB8,3,0.3781416803741543,0.5560828398848325,0.4318749519762264,0.01791,0.01791,0.0867,-0.30215,0.17794,0.00464,5.796,38.386
real100,8P6S,3,0.428484471773752,0.5532522222487342,0.5443239565102019,0.03861,0.03861,0.6925,-0.1337,0.12477,0.01751,3.307,7.124
real100,8PAV,3,0.3106621100347134,0.5056288971276787,0.5699269198617992,0.08642,0.08642,0.9219,-0.13067,0.25926,0.00984,13.175,26.349
real100,8PWY,3,0.4905441575407063,0.5149166334135848,0.4752946761147265,-0.00508,0.00508,0.1456,-0.06399,0.03962,0.02889,0.264,1.371
real100,8Q0Y,3,0.4888647361275032,0.5024942060387592,0.5448990105839124,0.01868,0.01868,0.9192,0.02878,0.05603,0.01772,1.581,3.162
real100,8QNY,3,0.4339665327677114,0.5188743888399732,0.5348016017372903,0.03361,0.03361,0.8651,-0.06898,0.10084,0.00913,5.521,11.041
real100,8QR3,3,0.5201403969286964,0.5815135650976568,0.572413762419572,0.01742,0.01742,0.6227,-0.07047,0.06137,0.03214,0.813,1.91
real100,8QSC,3,0.4906914923548447,0.5742591217136703,0.5160357305653289,0.00845,0.00845,0.0875,-0.14179,0.08357,0.04831,0.262,1.73
real100,8QWI,3,0.4613045771878927,0.6067457170529995,0.5596656187108158,0.03279,0.03279,0.4392,-0.19252,0.14544,0.01137,4.325,12.79
real100,8R27,3,0.4979730492521972,0.6574288018265413,0.5380657065188914,0.01336,0.01336,0.0584,-0.27882,0.15946,0.00099,20.186,160.568
real100,8R6K,3,0.3812693279198018,0.541497682639468,0.5954946859264749,0.07141,0.07141,0.9242,-0.10623,0.21423,0.0197,5.438,10.876
real100,8R6O,3,0.4879420282878254,0.4969291401928801,0.4944855393047269,0.00218,0.00218,0.4957,-0.01143,0.00899,0.00671,0.487,1.339
real100,8RLY,3,0.3175453545808128,0.5156299764121045,0.479680388192205,0.05405,0.05405,0.5901,-0.23403,0.19808,0.01905,4.256,10.399
real100,8RU6,3,0.4925446157056796,0.5586912742890316,0.5421515020134593,0.01654,0.01654,0.5192,-0.08269,0.06615,0.01493,1.661,4.43
real100,8TAV,3,0.4955612677723079,0.5487922335128825,0.6108804769157421,0.03844,0.03844,0.998,0.00886,0.11532,0.0113,5.103,10.207
real100,8TRL,3,0.3145107483122146,0.5496061226788423,0.4738062383943702,0.0531,0.0531,0.4406,-0.3109,0.2351,0.01875,4.248,12.537
real100,8UC4,3,0.3940600924812824,0.3999213724758381,0.4260277635808567,0.01066,0.01066,0.8821,0.02025,0.03197,0.00711,2.248,4.497
real100,8UMK,3,0.4179790415731904,0.4085087725630114,0.2808747622299734,-0.0457,0.0457,0.8015,-0.11816,0.1371,0.01771,3.872,7.743
real100,8WS3,3,0.3967156656796626,0.5435013479966994,0.5563497919468869,0.05321,0.05321,0.8099,-0.13394,0.15963,0.0089,8.967,17.933
real100,8XH2,3,0.4496392941175108,0.5311066968825887,0.6281002753341486,0.05949,0.05949,0.9975,0.01553,0.17846,0.02586,3.45,6.9
real100,8XVQ,3,0.4658556201819238,0.4493852426064145,0.3811835880467599,-0.02822,0.02822,0.8893,-0.05173,0.08467,0.02737,1.547,3.094
real100,8Y5V,3,0.4343810957754143,0.2911301135526985,0.344641941316723,-0.02991,0.02991,0.3842,0.19676,0.14325,0.00871,5.153,16.451
real100,8YSJ,3,0.4028822395320556,0.4708793790376974,0.4592556012245183,0.01879,0.01879,0.6006,-0.07962,0.068,0.00626,4.505,10.867
real100,8YXA,3,0.4377455055340563,0.4814163531358846,0.5539707236236351,0.03874,0.03874,0.9798,0.02888,0.11623,0.02445,2.377,4.754
real100,8Z52,3,0.288084090829119,0.4573060304060559,0.5160418068837898,0.07599,0.07599,0.9274,-0.11049,0.22796,0.02425,4.7,9.4
real100,8Z56,3,0.5121398100220792,0.5298036357051443,0.4627259768566783,-0.01647,0.01647,0.505,-0.08474,0.06708,0.00924,2.675,7.262
real100,9C11,3,0.4877936976767827,0.5480068377212429,0.6043547207534401,0.03885,0.03885,0.9996,-0.00387,0.11656,0.02483,2.348,4.695
real100,9CJT,3,0.256494430201839,0.4985665625328746,0.5195500857948068,0.08769,0.08769,0.8094,-0.22109,0.26306,0.03449,3.814,7.628
real100,9CTE,3,0.4732900425757457,0.380985703997704,0.5099677686079283,0.01223,0.01223,0.0761,0.22129,0.12898,0.0267,0.687,4.831
real100,9D5I,3,0.3860365924684605,0.4971323641439873,0.4828446137186418,0.03227,0.03227,0.6414,-0.12538,0.1111,0.04678,1.035,2.375
real100,9DV9,3,0.4937984755571603,0.5182196698622801,0.5470012694485968,0.01773,0.01773,0.9978,0.00436,0.0532,0.01715,1.551,3.103
real100,9DZA,3,0.5002821520576994,0.5698604066507196,0.6155180006538099,0.03841,0.03841,0.9858,-0.02392,0.11524,0.04386,1.314,2.627
real100,9EID,3,0.5060057168303573,0.4762290109970234,0.3119640525903452,-0.06468,0.06468,0.862,-0.13449,0.19404,0.05083,1.909,3.818
real100,9ENV,3,0.4217524325569886,0.519242249965301,0.5740053155170048,0.05075,0.05075,0.9744,-0.04273,0.15225,0.02934,2.595,5.19
real100,9F7X,3,0.5221293842765474,0.6267092804587201,0.5290906676440069,0.00232,0.00232,0.0035,-0.2022,0.10458,0.03803,0.092,2.75
real100,9FCS,3,0.5452769438871703,0.5098907643119774,0.4903200076105206,-0.01832,0.01832,0.9731,0.01582,0.05496,0.04799,0.573,1.145
real100,9FOM,3,0.5489880008851059,0.473473636245416,0.5101876732025495,-0.01293,0.01293,0.2639,0.11223,0.07551,0.04233,0.458,1.784
real100,9FPO,3,0.4549184729471302,0.467339397718068,0.5127815846332634,0.01929,0.01929,0.9021,0.03302,0.05786,0.01148,2.521,5.042
real100,9FUI,3,0.5228975572213828,0.602594146796878,0.5144607777738188,-0.00281,0.00281,0.0075,-0.16783,0.08813,0.01288,0.328,6.843
real100,9G6M,3,0.4921609991891698,0.4391506422484195,0.3457767018977506,-0.04879,0.04879,0.9753,-0.04036,0.14638,0.05217,1.403,2.806
real100,9H2D,3,0.3467328132570145,0.4568857391469781,0.5123821200591324,0.05522,0.05522,0.965,-0.05466,0.16565,0.00803,10.312,20.624
real100,9H6N,3,0.458055076587456,0.5035585013148893,0.5480871488636779,0.03001,0.03001,1.0,-0.00097,0.09003,0.00647,6.953,13.906
real100,9HA0,3,0.5249929382605989,0.5025459444065892,0.6049527826241052,0.02665,0.02665,0.5517,0.12485,0.10241,0.02493,1.603,4.107
real100,9HLE,3,0.3232328156084997,0.3887954776227017,0.3780103768611874,0.01826,0.01826,0.607,-0.07635,0.06556,0.01056,2.594,6.208
real100,9IT8,3,0.4615925264250076,0.4944085843675552,0.5150548781711051,0.01782,0.01782,0.983,-0.01217,0.05346,0.00358,7.472,14.944
real100,9J4B,3,0.4737994941233491,0.4746971598796414,0.4559395642933008,-0.00595,0.00595,0.7124,-0.01966,0.01876,0.00401,2.229,4.682
real100,9J4H,3,0.466559284175238,0.5128569339886891,0.4838143728655506,0.00575,0.00575,0.136,-0.07534,0.0463,0.00327,2.637,14.153
real100,9J8A,3,0.4509688589887671,0.5726054413070293,0.4690352854336099,0.00602,0.00602,0.0189,-0.22521,0.12164,0.00052,17.21,231.739
real100,9JGS,3,0.3242778906409085,0.5098378958499004,0.5442454118593277,0.07332,0.07332,0.864,-0.15115,0.21997,0.01684,6.533,13.065
real100,9JQM,3,0.4780846915469022,0.5561465626895753,0.5815072872657852,0.03447,0.03447,0.9203,-0.0527,0.10342,0.0056,9.237,18.473
real100,9KGP,3,0.4990299107356711,0.6031824246349557,0.509072535918204,0.00335,0.00335,0.0076,-0.19826,0.10415,0.00113,4.448,92.264
real100,9KYG,3,0.4912522079734293,0.5737124982292016,0.5589347240971713,0.02256,0.02256,0.5924,-0.09724,0.08246,0.01265,2.674,6.516
real100,9KYP,3,0.4507717829355628,0.4584012722581228,0.3469552943124944,-0.03461,0.03461,0.6952,-0.11908,0.11145,0.00975,5.327,11.436
real100,9L3T,3,0.3715691741584492,0.5078449651605813,0.6055591409399497,0.078,0.078,0.991,-0.03856,0.23399,0.00126,93.207,186.415
real100,9LD8,3,0.4409395889709032,0.5083429341482524,0.5075470836829133,0.0222,0.0222,0.741,-0.0682,0.0674,0.01345,2.476,5.011
real100,9LFF,3,0.479875096783749,0.4810656946423254,0.4836900213714038,0.00127,0.00127,0.955,0.00143,0.00381,0.00987,0.193,0.386
real100,9LH2,3,0.4729337572327176,0.522725282200528,0.4777709586023119,0.00161,0.00161,0.0078,-0.09475,0.04979,0.02953,0.082,1.686
real100,9LL3,3,0.4973466935737606,0.4151373060832739,0.4074775611811471,-0.02996,0.02996,0.8134,0.07455,0.08987,0.00964,4.66,9.321
real100,9M1X,3,0.3937091323876746,0.2875067799380114,0.5091511024002031,0.03848,0.03848,0.2711,0.32785,0.22164,0.04608,1.253,4.81
real100,9M6U,3,0.5545867275034178,0.5545601592325109,0.5265115369227121,-0.00936,0.00936,0.7507,-0.02802,0.02808,0.02877,0.488,0.976
real100,9MER,3,0.2221410965264962,0.379483959393696,0.4829665354732737,0.08694,0.08694,0.986,-0.05386,0.26083,0.03466,3.763,7.526
real100,9O35,3,0.4486469052195021,0.5494885140829011,0.5446585361448559,0.032,0.032,0.7124,-0.10567,0.10084,0.01737,2.764,5.806
real100,9OBC,3,0.4967381621189788,0.5251378501959707,0.5381824424665276,0.01381,0.01381,0.9562,-0.01536,0.04144,0.03756,0.552,1.103
real100,9P2J,3,0.3186647159538827,0.2777804326371932,0.4744219545201211,0.05192,0.05192,0.5633,0.23753,0.19664,0.01186,6.569,16.586
real100,9PUL,3,0.4583471004158915,0.5628652840912561,0.5261598203015903,0.0226,0.0226,0.4089,-0.14122,0.10452,0.01942,1.746,5.382
real100,9QKP,3,0.5048644030925911,0.4595720119311342,0.4798462644027982,-0.00834,0.00834,0.304,0.06557,0.04529,0.00083,15.118,54.737
real100,9QLX,3,0.4962913263993916,0.4593483096774681,0.5473984953894655,0.01704,0.01704,0.334,0.12499,0.08805,0.02097,1.218,4.198
real100,9QM7,3,0.37956268591413,0.4578180623109903,0.3998871620438963,0.00677,0.00677,0.0626,-0.13619,0.07826,0.03173,0.32,2.466
real100,9QMK,3,0.526502257612893,0.5509796733495349,0.5822549358279467,0.01858,0.01858,0.9951,0.0068,0.05575,0.00748,3.727,7.454
real100,9R02,3,0.4865136562930231,0.5776132136844998,0.4829502084329244,-0.00119,0.00119,0.0011,-0.18576,0.09466,0.02569,0.069,3.684
real100,9R7O,3,0.483990865347839,0.5179173264775411,0.4691712585159816,-0.00494,0.00494,0.0879,-0.08267,0.04875,0.0139,0.533,3.507
real100,9REK,3,0.4775626517427162,0.5012387243750507,0.5805732644172208,0.03434,0.03434,0.9113,0.05566,0.10301,0.02814,1.83,3.66
real100,9RN8,3,0.3395553719407052,0.5399405043232781,0.5441732788328432,0.06821,0.06821,0.7655,-0.19615,0.20462,0.01247,8.205,16.411
real100,9S02,3,0.5023272326697894,0.4981960485539717,0.5337343887624555,0.01047,0.01047,0.6528,0.03967,0.03554,0.01646,0.954,2.159
real100,9TDW,3,0.4346302857143591,0.4231397622857903,0.5124668444705577,0.02595,0.02595,0.6413,0.10082,0.08933,0.00307,12.683,29.11
real100,9TES,3,0.4795132967335456,0.4786620632040893,0.573234476559892,0.03124,0.03124,0.7432,0.09542,0.09457,0.00303,15.459,31.199
real100,9THS,3,0.4355054913362156,0.4996607187240813,0.5730575249163339,0.04585,0.04585,0.9985,0.00924,0.13755,0.00395,17.403,34.805
real100,9UBT,3,0.537168341514954,0.6707300452987375,0.5649022792316741,0.00924,0.00924,0.0387,-0.23939,0.13356,0.00773,1.793,17.269
real100,9X7E,3,0.3642728698063567,0.4998338407489132,0.5422712681359301,0.05933,0.05933,0.9164,-0.09312,0.178,0.03785,2.351,4.703
real100,9Y2G,3,0.4307920091943029,0.5431602478232171,0.5021770183352969,0.0238,0.0238,0.394,-0.15335,0.11237,0.02387,1.495,4.708
real100,9YRW,3,0.4709880246942333,0.4474425150114146,0.4135711119682138,-0.01914,0.01914,0.9893,-0.01033,0.05742,0.02936,0.978,1.956
real100,9ZOQ,3,0.4361828202278549,0.5351555360315737,0.4729655690488027,0.01226,0.01226,0.1352,-0.16116,0.09897,2e-05,832.641,4480.838
