pocket_id,vina_orig_mols_orig_rec,vina_crop_mols_crop_rec,vina_orig_mols_crop_rec,dVina_total,dVina_receptor_effect,dVina_molecule_effect,control_tag,crop_tag,run_id
7HZW,-2.863588235294117,-0.7096526315789474,-0.9160117647058824,2.1539356037151696,1.9475764705882348,0.20635913312693477,original_mols_cropped_receptor,crop_radius_minus_1.5,diffsbdd_real100_vina
9M6U,-1.8761,-2.1128800000000005,-2.2131,-0.23678000000000043,-0.33699999999999974,0.10021999999999931,original_mols_cropped_receptor,crop_radius_minus_1.5,diffsbdd_real100_vina
9RN8,-2.6401,-1.270575,-1.442845,1.3695249999999999,1.197255,0.17226999999999992,original_mols_cropped_receptor,crop_radius_minus_1.5,diffsbdd_real100_vina
9Y2G,-2.452857142857144,-2.060764705882353,-2.0524285714285715,0.39209243697479135,0.4004285714285727,-0.008336134453781341,original_mols_cropped_receptor,crop_radius_minus_1.5,diffsbdd_real100_vina
8UC4,-2.0460000000000003,-1.2277647058823529,-1.2690526315789472,0.8182352941176474,0.776947368421053,0.04128792569659434,original_mols_cropped_receptor,crop_radius_minus_1.5,diffsbdd_real100_vina
9X7E,-1.7076842105263157,-1.5308842105263158,-1.365526315789474,0.17679999999999985,0.34215789473684177,-0.16535789473684193,original_mols_cropped_receptor,crop_radius_minus_1.5,diffsbdd_real100_vina
8RU6,-2.5034375,-2.837368421052632,-2.7056875000000002,-0.333930921052632,-0.20225000000000026,-0.13168092105263174,original_mols_cropped_receptor,crop_radius_minus_1.5,diffsbdd_real100_vina
8R6K,-1.1631736842105262,-2.219255555555556,-2.2387894736842107,-1.05608187134503,-1.0756157894736844,0.01953391812865446,original_mols_cropped_receptor,crop_radius_minus_1.5,diffsbdd_real100_vina
8QR3,-1.858210526315789,-2.04155,-2.4134210526315787,-0.18333947368421089,-0.5552105263157896,0.3718710526315787,original_mols_cropped_receptor,crop_radius_minus_1.5,diffsbdd_real100_vina
9MER,-1.9184684210526315,-1.865831578947369,-2.0919263157894736,0.05263684210526254,-0.17345789473684214,0.22609473684210468,original_mols_cropped_receptor,crop_radius_minus_1.5,diffsbdd_real100_vina
9EID,-2.67835,-1.07259,-1.0975050000000002,1.60576,1.5808449999999998,0.024915000000000243,original_mols_cropped_receptor,crop_radius_minus_1.5,diffsbdd_real100_vina
9O35,-1.6532105263157897,-1.096605,-1.1870631578947368,0.5566055263157896,0.46614736842105287,0.09045815789473677,original_mols_cropped_receptor,crop_radius_minus_1.5,diffsbdd_real100_vina
8Z56,-2.19953125,-2.122470588235294,-2.08880625,0.07706066176470605,0.11072499999999996,-0.03366433823529391,original_mols_cropped_receptor,crop_radius_minus_1.5,diffsbdd_real100_vina
9J8A,-2.42165,-1.8117222222222225,-2.0418,0.6099277777777776,0.37985000000000024,0.23007777777777738,original_mols_cropped_receptor,crop_radius_minus_1.5,diffsbdd_real100_vina
9JQM,-2.326835,-1.1712684210526318,-1.1120450000000002,1.1555665789473681,1.2147899999999998,-0.059223421052631675,original_mols_cropped_receptor,crop_radius_minus_1.5,diffsbdd_real100_vina
8QWI,-2.24,-2.854666666666667,-3.1042222222222224,-0.6146666666666669,-0.8642222222222222,0.2495555555555553,original_mols_cropped_receptor,crop_radius_minus_1.5,diffsbdd_real100_vina
7G7L,-2.1938947368421053,-1.954,-2.2133157894736843,0.23989473684210538,-0.019421052631579006,0.2593157894736844,original_mols_cropped_receptor,crop_radius_minus_1.5,diffsbdd_real100_vina
8P6S,-2.1012631578947367,-1.7389999999999997,-1.6717894736842105,0.36226315789473706,0.42947368421052623,-0.06721052631578917,original_mols_cropped_receptor,crop_radius_minus_1.5,diffsbdd_real100_vina
8TRL,-1.4963888888888888,-1.92545,-1.7893333333333332,-0.42906111111111134,-0.29294444444444445,-0.13611666666666689,original_mols_cropped_receptor,crop_radius_minus_1.5,diffsbdd_real100_vina
9R02,-2.73185,-2.96275,-3.5255999999999994,-0.2309000000000001,-0.7937499999999993,0.5628499999999992,original_mols_cropped_receptor,crop_radius_minus_1.5,diffsbdd_real100_vina
8QSC,-3.483555555555556,-1.27055,-1.3712277777777777,2.213005555555556,2.1123277777777787,0.10067777777777742,original_mols_cropped_receptor,crop_radius_minus_1.5,diffsbdd_real100_vina
8Z52,-1.79855,-2.101111111111112,-1.9709500000000002,-0.3025611111111117,-0.1724000000000001,-0.13016111111111162,original_mols_cropped_receptor,crop_radius_minus_1.5,diffsbdd_real100_vina
9FPO,-2.1797647058823526,-1.130815789473684,-1.0476888888888891,1.0489489164086685,1.1320758169934635,-0.083126900584795,original_mols_cropped_receptor,crop_radius_minus_1.5,diffsbdd_real100_vina
9J4B,-1.1256277777777777,-2.2605,-2.6480555555555556,-1.1348722222222223,-1.522427777777778,0.38755555555555565,original_mols_cropped_receptor,crop_radius_minus_1.5,diffsbdd_real100_vina
9LFF,-1.9152777777777783,-1.4251578947368422,-1.4565,0.4901198830409361,0.4587777777777784,0.03134210526315773,original_mols_cropped_receptor,crop_radius_minus_1.5,diffsbdd_real100_vina
8PAV,-2.174894736842105,-2.6602941176470587,-2.126157894736842,-0.4853993808049535,0.04873684210526319,-0.5341362229102167,original_mols_cropped_receptor,crop_radius_minus_1.5,diffsbdd_real100_vina
9M1X,-1.885,-1.5507647058823528,-1.5241647058823529,0.3342352941176472,0.36083529411764714,-0.026599999999999957,original_mols_cropped_receptor,crop_radius_minus_1.5,diffsbdd_real100_vina
9FUI,-1.9406000000000003,-2.07245,-2.2220500000000003,-0.13184999999999958,-0.28145,0.1496000000000004,original_mols_cropped_receptor,crop_radius_minus_1.5,diffsbdd_real100_vina
9LL3,-2.053733333333333,-1.1336842105263158,-1.2619333333333331,0.9200491228070173,0.7918000000000001,0.12824912280701728,original_mols_cropped_receptor,crop_radius_minus_1.5,diffsbdd_real100_vina
24AO,-1.706578947368421,-1.2610823529411763,-1.4076842105263159,0.44549659442724465,0.2988947368421051,0.14660185758513955,original_mols_cropped_receptor,crop_radius_minus_1.5,diffsbdd_real100_vina
8TAV,-2.1850555555555555,-1.03092,-0.993261111111111,1.1541355555555555,1.1917944444444446,-0.03765888888888913,original_mols_cropped_receptor,crop_radius_minus_1.5,diffsbdd_real100_vina
8XVQ,-2.9523823529411763,-3.4673000000000003,-3.4013764705882354,-0.5149176470588239,-0.4489941176470591,-0.06592352941176483,original_mols_cropped_receptor,crop_radius_minus_1.5,diffsbdd_real100_vina
10PW,-1.759368421052632,-2.373777777777778,-2.562210526315789,-0.6144093567251463,-0.8028421052631571,0.18843274853801084,original_mols_cropped_receptor,crop_radius_minus_1.5,diffsbdd_real100_vina
9TDW,-2.324963157894737,-1.8998166666666665,-1.6923736842105261,0.4251464912280707,0.632589473684211,-0.20744298245614035,original_mols_cropped_receptor,crop_radius_minus_1.5,diffsbdd_real100_vina
9ENV,-2.215666666666667,-2.15687,-2.478333333333333,0.05879666666666683,-0.26266666666666616,0.321463333333333,original_mols_cropped_receptor,crop_radius_minus_1.5,diffsbdd_real100_vina
8RLY,-1.3332000000000002,-1.6390999999999998,-1.6886499999999998,-0.3058999999999996,-0.3554499999999996,0.04954999999999998,original_mols_cropped_receptor,crop_radius_minus_1.5,diffsbdd_real100_vina
8Q0Y,-2.864684210526316,-0.918945,-0.9288473684210524,1.945739210526316,1.9358368421052634,0.009902368421052632,original_mols_cropped_receptor,crop_radius_minus_1.5,diffsbdd_real100_vina
9L3T,-2.233445,-0.9011526315789474,-0.8418249999999998,1.3322923684210526,1.3916200000000003,-0.059327631578947715,original_mols_cropped_receptor,crop_radius_minus_1.5,diffsbdd_real100_vina
7G6A,-3.2031578947368424,-2.971631578947368,-3.4236315789473686,0.23152631578947425,-0.22047368421052616,0.4520000000000004,original_mols_cropped_receptor,crop_radius_minus_1.5,diffsbdd_real100_vina
7G3X,-3.0924,-2.982055555555556,-3.564600000000001,0.11034444444444391,-0.47220000000000084,0.5825444444444448,original_mols_cropped_receptor,crop_radius_minus_1.5,diffsbdd_real100_vina
7HJQ,-2.756736842105264,-2.063684210526316,-2.000942105263158,0.693052631578948,0.7557947368421059,-0.06274210526315782,original_mols_cropped_receptor,crop_radius_minus_1.5,diffsbdd_real100_vina
9G6M,-1.6769473684210523,-3.4576,-3.4280000000000004,-1.7806526315789475,-1.751052631578948,-0.029599999999999405,original_mols_cropped_receptor,crop_radius_minus_1.5,diffsbdd_real100_vina
13SL,-2.067421052631579,-1.020142105263158,-0.9666578947368422,1.047278947368421,1.100763157894737,-0.05348421052631602,original_mols_cropped_receptor,crop_radius_minus_1.5,diffsbdd_real100_vina
9D5I,-1.4502052631578948,-1.7838333333333334,-1.9432473684210527,-0.3336280701754386,-0.49304210526315795,0.15941403508771934,original_mols_cropped_receptor,crop_radius_minus_1.5,diffsbdd_real100_vina
9S02,-2.698235294117647,-2.4642777777777782,-2.6327647058823533,0.23395751633986883,0.06547058823529373,0.1684869281045751,original_mols_cropped_receptor,crop_radius_minus_1.5,diffsbdd_real100_vina
9KYP,-1.70422,-2.457105263157895,-2.3973199999999997,-0.7528852631578948,-0.6930999999999996,-0.05978526315789523,original_mols_cropped_receptor,crop_radius_minus_1.5,diffsbdd_real100_vina
9CJT,-1.6145263157894738,-1.2667333333333333,-1.1742105263157896,0.34779298245614054,0.4403157894736842,-0.09252280701754367,original_mols_cropped_receptor,crop_radius_minus_1.5,diffsbdd_real100_vina
9H6N,-2.3028,-1.8280470588235287,-1.8838625000000002,0.47475294117647127,0.41893749999999974,0.055815441176471525,original_mols_cropped_receptor,crop_radius_minus_1.5,diffsbdd_real100_vina
9LD8,-2.245263157894737,-1.1336833333333334,-1.109842105263158,1.1115798245614035,1.1354210526315789,-0.023841228070175413,original_mols_cropped_receptor,crop_radius_minus_1.5,diffsbdd_real100_vina
8XH2,-2.267222222222222,-1.3499210526315792,-1.4175,0.9173011695906426,0.8497222222222218,0.06757894736842074,original_mols_cropped_receptor,crop_radius_minus_1.5,diffsbdd_real100_vina
8YXA,-1.8051,-2.214111111111112,-2.3160499999999997,-0.4090111111111119,-0.5109499999999998,0.10193888888888791,original_mols_cropped_receptor,crop_radius_minus_1.5,diffsbdd_real100_vina
8R6O,-3.145,-1.3639052631578947,-1.5894736842105264,1.7810947368421053,1.5555263157894736,0.22556842105263164,original_mols_cropped_receptor,crop_radius_minus_1.5,diffsbdd_real100_vina
9FCS,-2.3875625,-1.1654833333333334,-1.38176875,1.2220791666666666,1.00579375,0.21628541666666656,original_mols_cropped_receptor,crop_radius_minus_1.5,diffsbdd_real100_vina
9KGP,-1.672195,-1.0489526315789472,-1.1197499999999998,0.6232423684210529,0.5524450000000003,0.07079736842105255,original_mols_cropped_receptor,crop_radius_minus_1.5,diffsbdd_real100_vina
9QM7,-1.971795,-2.6364999999999994,-2.69045,-0.6647049999999994,-0.7186549999999998,0.05395000000000039,original_mols_cropped_receptor,crop_radius_minus_1.5,diffsbdd_real100_vina
9C11,-3.832263157894737,-2.795445,-3.013736842105263,1.036818157894737,0.818526315789474,0.2182918421052631,original_mols_cropped_receptor,crop_radius_minus_1.5,diffsbdd_real100_vina
8WS3,-1.60597,-1.8476210526315788,-1.89125,-0.24165105263157893,-0.2852800000000002,0.04362894736842127,original_mols_cropped_receptor,crop_radius_minus_1.5,diffsbdd_real100_vina
9CTE,-1.5101736842105264,-1.0217473684210523,-0.8542894736842106,0.48842631578947415,0.6558842105263158,-0.1674578947368417,original_mols_cropped_receptor,crop_radius_minus_1.5,diffsbdd_real100_vina
7GQY,-2.56857,-1.365027777777778,-1.38256,1.2035422222222218,1.1860099999999998,0.01753222222222206,original_mols_cropped_receptor,crop_radius_minus_1.5,diffsbdd_real100_vina
9UBT,-2.2009,-1.153655555555556,-1.1399500000000002,1.0472444444444438,1.0609499999999996,-0.01370555555555586,original_mols_cropped_receptor,crop_radius_minus_1.5,diffsbdd_real100_vina
9J4H,-2.4072142857142858,-0.942335294117647,-0.8621357142857143,1.4648789915966387,1.5450785714285713,-0.0801995798319326,original_mols_cropped_receptor,crop_radius_minus_1.5,diffsbdd_real100_vina
8QNY,-2.192842105263157,-1.070577777777778,-1.1655736842105262,1.122264327485379,1.0272684210526308,0.09499590643274813,original_mols_cropped_receptor,crop_radius_minus_1.5,diffsbdd_real100_vina
9DZA,-2.4974526315789483,-1.3361176470588236,-1.486657894736842,1.1613349845201246,1.0107947368421062,0.15054024767801844,original_mols_cropped_receptor,crop_radius_minus_1.5,diffsbdd_real100_vina
10LE,-2.0942941176470584,-1.067715,-1.1734235294117648,1.0265791176470584,0.9208705882352937,0.10570852941176478,original_mols_cropped_receptor,crop_radius_minus_1.5,diffsbdd_real100_vina
9PUL,-2.3781578947368422,-0.8689894736842103,-0.9831526315789474,1.509168421052632,1.3950052631578949,0.11416315789473708,original_mols_cropped_receptor,crop_radius_minus_1.5,diffsbdd_real100_vina
13YW,-2.09135,-2.5567111111111114,-2.7693,-0.46536111111111156,-0.67795,0.2125888888888885,original_mols_cropped_receptor,crop_radius_minus_1.5,diffsbdd_real100_vina
9R7O,-1.61725,-1.6324999999999998,-1.6152500000000003,-0.015249999999999764,0.0019999999999997797,-0.017249999999999543,original_mols_cropped_receptor,crop_radius_minus_1.5,diffsbdd_real100_vina
8PWY,-1.95169,-2.2084500000000005,-2.3632,-0.25676000000000054,-0.41151000000000004,0.1547499999999995,original_mols_cropped_receptor,crop_radius_minus_1.5,diffsbdd_real100_vina
9H2D,-1.87805,-2.0902941176470584,-1.93595,-0.21224411764705842,-0.05790000000000006,-0.15434411764705835,original_mols_cropped_receptor,crop_radius_minus_1.5,diffsbdd_real100_vina
9REK,-2.07355,-2.60675,-2.5736,-0.5331999999999999,-0.5000499999999999,-0.03315000000000001,original_mols_cropped_receptor,crop_radius_minus_1.5,diffsbdd_real100_vina
7HRO,-2.2405,-3.006833333333333,-3.727333333333333,-0.7663333333333329,-1.4868333333333332,0.7205000000000004,original_mols_cropped_receptor,crop_radius_minus_1.5,diffsbdd_real100_vina
9F7X,-1.5478526315789474,-1.0994894736842105,-1.061257894736842,0.4483631578947369,0.4865947368421053,-0.038231578947368394,original_mols_cropped_receptor,crop_radius_minus_1.5,diffsbdd_real100_vina
9QLX,-3.3554117647058823,-2.70555,-3.031,0.6498617647058822,0.3244117647058822,0.32545,original_mols_cropped_receptor,crop_radius_minus_1.5,diffsbdd_real100_vina
9QMK,-1.7981250000000002,-0.8979250000000001,-0.8871350000000001,0.9002000000000001,0.9109900000000001,-0.010789999999999966,original_mols_cropped_receptor,crop_radius_minus_1.5,diffsbdd_real100_vina
9ZOQ,-2.480909090909091,-1.3420625,-1.6882727272727274,1.138846590909091,0.7926363636363636,0.34621022727272743,original_mols_cropped_receptor,crop_radius_minus_1.5,diffsbdd_real100_vina
9FOM,-1.928,-2.056277777777778,-2.2457,-0.12827777777777793,-0.31769999999999987,0.18942222222222194,original_mols_cropped_receptor,crop_radius_minus_1.5,diffsbdd_real100_vina
9YRW,-2.02878947368421,-1.9423333333333328,-2.1940000000000004,0.08645614035087701,-0.16521052631579058,0.2516666666666676,original_mols_cropped_receptor,crop_radius_minus_1.5,diffsbdd_real100_vina
7HL0,-0.8299294117647058,-0.7865052631578947,-0.8202529411764706,0.0434241486068111,0.009676470588235175,0.03374767801857592,original_mols_cropped_receptor,crop_radius_minus_1.5,diffsbdd_real100_vina
7HKE,-1.3852000000000002,-2.283941176470588,-2.2193499999999995,-0.8987411764705877,-0.8341499999999993,-0.06459117647058843,original_mols_cropped_receptor,crop_radius_minus_1.5,diffsbdd_real100_vina
9IT8,-1.8846315789473684,-2.46415,-2.4654210526315787,-0.5795184210526316,-0.5807894736842103,0.001271052631578673,original_mols_cropped_receptor,crop_radius_minus_1.5,diffsbdd_real100_vina
9THS,-2.1405263157894736,-2.31685,-2.5891578947368417,-0.17632368421052647,-0.44863157894736805,0.2723078947368416,original_mols_cropped_receptor,crop_radius_minus_1.5,diffsbdd_real100_vina
9LH2,-1.7782352941176471,-1.6272000000000002,-1.4418176470588235,0.15103529411764693,0.3364176470588236,-0.18538235294117666,original_mols_cropped_receptor,crop_radius_minus_1.5,diffsbdd_real100_vina
9OBC,-1.9140526315789472,-3.0251578947368425,-3.0386842105263163,-1.1111052631578953,-1.124631578947369,0.01352631578947383,original_mols_cropped_receptor,crop_radius_minus_1.5,diffsbdd_real100_vina
9HA0,-3.2122857142857137,-1.9926000000000008,-2.2180000000000004,1.219685714285713,0.9942857142857133,0.2253999999999996,original_mols_cropped_receptor,crop_radius_minus_1.5,diffsbdd_real100_vina
7G5N,-2.52115,-2.5012777777777777,-2.7398999999999996,0.01987222222222229,-0.21874999999999956,0.23862222222222185,original_mols_cropped_receptor,crop_radius_minus_1.5,diffsbdd_real100_vina
9KYG,-2.8851,-3.4451499999999995,-4.026949999999999,-0.5600499999999995,-1.1418499999999994,0.5817999999999999,original_mols_cropped_receptor,crop_radius_minus_1.5,diffsbdd_real100_vina
8YSJ,-1.89355,-1.8078894736842104,-1.8645,0.08566052631578969,0.02905000000000002,0.05661052631578967,original_mols_cropped_receptor,crop_radius_minus_1.5,diffsbdd_real100_vina
9JGS,-1.3246470588235295,-1.1459944444444443,-1.3314705882352942,0.1786526143790852,-0.006823529411764673,0.18547614379084987,original_mols_cropped_receptor,crop_radius_minus_1.5,diffsbdd_real100_vina
7GQV,-2.998,-1.422885,-1.4688,1.5751150000000003,1.5292000000000001,0.04591500000000015,original_mols_cropped_receptor,crop_radius_minus_1.5,diffsbdd_real100_vina
8UMK,-2.46878947368421,-2.6353,-2.8490526315789473,-0.16651052631578978,-0.3802631578947371,0.2137526315789473,original_mols_cropped_receptor,crop_radius_minus_1.5,diffsbdd_real100_vina
9HLE,-0.823478947368421,-1.6449058823529414,-1.5422105263157897,-0.8214269349845205,-0.7187315789473687,-0.10269535603715174,original_mols_cropped_receptor,crop_radius_minus_1.5,diffsbdd_real100_vina
9P2J,-1.7458631578947372,-1.2843388888888887,-1.4253315789473686,0.46152426900584853,0.3205315789473686,0.14099269005847992,original_mols_cropped_receptor,crop_radius_minus_1.5,diffsbdd_real100_vina
7I2D,-2.3392631578947367,-2.5513315789473685,-2.332736842105263,-0.2120684210526318,0.006526315789473713,-0.2185947368421055,original_mols_cropped_receptor,crop_radius_minus_1.5,diffsbdd_real100_vina
8Y5V,-0.971605,-0.98805,-0.9513499999999999,-0.016444999999999932,0.020255000000000134,-0.036700000000000066,original_mols_cropped_receptor,crop_radius_minus_1.5,diffsbdd_real100_vina
8KB8,-2.843263157894737,-1.2904799999999998,-1.4185263157894739,1.5527831578947373,1.4247368421052633,0.128046315789474,original_mols_cropped_receptor,crop_radius_minus_1.5,diffsbdd_real100_vina
9TES,-2.4607647058823527,-1.282015789473684,-1.2769411764705882,1.1787489164086686,1.1838235294117645,-0.0050746130030958625,original_mols_cropped_receptor,crop_radius_minus_1.5,diffsbdd_real100_vina
9QKP,-3.3704,-0.929345,-0.8599157894736842,2.441055,2.510484210526316,-0.0694292105263159,original_mols_cropped_receptor,crop_radius_minus_1.5,diffsbdd_real100_vina
9DV9,-2.9150000000000005,-0.9300849999999998,-0.9715250000000001,1.9849150000000007,1.9434750000000003,0.041440000000000365,original_mols_cropped_receptor,crop_radius_minus_1.5,diffsbdd_real100_vina
8R27,-3.77,-3.5508823529411764,-3.654222222222222,0.21911764705882364,0.1157777777777782,0.10333986928104544,original_mols_cropped_receptor,crop_radius_minus_1.5,diffsbdd_real100_vina
